TimeLapse,Db
0,-47.64
0,-48.16
0,-43.00
0,-42.42
0,-40.88
0,-45.40
0,-46.67
0,-45.40
0,-42.70
0,-42.14
0,-41.36
0,-41.62
0,-47.14
0,-45.80
0,-45.01
0,-42.70
0,-42.14
0,-40.65
0,-43.62
0,-46.67
0,-46.22
0,-45.80
0,-42.14
0,-41.62
0,-42.14
0,-45.40
0,-45.80
0,-44.64
0,-43.00
0,-41.87
0,-40.88
0,-45.01
0,-47.14
0,-47.64
0,-43.95
0,-41.87
0,-41.12
0,-42.14
0,-46.22
0,-47.14
0,-44.29
0,-42.14
0,-40.88
0,-42.14
0,-45.01
0,-46.67
0,-47.14
0,-43.30
0,-42.14
0,-41.36
0,-43.30
0,-47.14
0,-48.16
0,-45.40
0,-43.00
0,-41.36
0,-41.12
0,-45.80
0,-48.16
0,-46.22
0,-45.80
0,-42.14
0,-40.42
0,-44.64
0,-46.22
0,-47.64
0,-44.29
0,-42.42
0,-42.42
0,-41.36
0,-45.40
0,-45.40
0,-45.80
0,-43.00
0,-42.42
0,-40.88
0,-43.30
0,-47.14
0,-45.80
0,-45.01
0,-41.87
0,-40.88
0,-41.62
0,-46.22
0,-45.40
0,-45.40
0,-43.95
0,-41.87
0,-39.99
0,-43.62
0,-46.67
0,-46.67
0,-43.00
0,-41.62
0,-41.12
0,-42.14
0,-46.67
0,-45.40
0,-45.01
0,-41.62
0,-40.65
0,-40.65
0,-45.01
0,-45.40
0,-45.80
0,-43.62
0,-41.87
0,-40.65
0,-41.62
0,-45.01
0,-45.80
0,-45.80
0,-42.14
0,-41.36
0,-40.65
0,-45.01
0,-45.80
0,-46.67
0,-42.70
0,-42.42
0,-40.20
0,-42.14
0,-46.22
0,-47.64
0,-43.95
0,-41.87
0,-41.12
0,-40.20
0,-45.80
0,-46.22
0,-45.80
0,-42.14
0,-42.42
0,-38.99
0,-43.00
0,-47.14
0,-47.64
0,-43.95
0,-41.36
0,-40.20
0,-41.36
0,-43.62
0,-45.01
0,-45.01
0,-42.42
0,-41.36
0,-40.65
0,-42.14
0,-46.22
0,-45.40
0,-44.29
0,-41.62
0,-40.88
0,-40.65
0,-46.22
0,-46.22
0,-45.40
0,-42.14
0,-41.12
0,-39.99
0,-42.70
0,-45.01
0,-46.67
0,-43.62
0,-41.36
0,-40.88
0,-41.36
0,-45.40
0,-46.67
0,-45.80
0,-41.87
0,-41.62
0,-39.78
0,-43.62
0,-44.64
0,-45.40
0,-43.00
0,-40.65
0,-40.65
0,-42.42
0,-46.22
0,-46.22
0,-45.01
0,-42.14
0,-40.88
0,-39.99
0,-44.29
0,-47.64
0,-46.22
0,-42.14
0,-40.65
0,-40.42
0,-42.14
0,-45.80
0,-48.16
0,-45.01
0,-41.87
0,-40.88
0,-40.65
0,-45.40
0,-45.80
0,-46.22
0,-42.42
0,-41.12
0,-40.42
0,-41.87
0,-46.22
0,-46.67
0,-44.29
0,-42.14
0,-40.65
0,-40.20
0,-45.40
0,-47.64
0,-46.67
0,-43.00
0,-42.70
0,-40.88
0,-47.64
0,-46.22
0,-46.67
0,-45.40
0,-42.70
0,-40.88
0,-40.88
0,-43.95
0,-45.80
0,-44.29
0,-43.95
0,-41.62
0,-40.42
0,-42.70
0,-48.16
0,-48.16
0,-43.62
0,-41.12
0,-41.87
0,-41.87
0,-46.67
0,-45.80
0,-47.14
0,-42.70
0,-42.42
0,-40.42
0,-45.01
0,-47.14
0,-45.80
0,-45.40
0,-41.62
0,-41.62
0,-42.14
0,-46.67
0,-47.64
0,-46.67
0,-42.14
0,-41.36
0,-40.65
0,-45.01
0,-46.67
0,-46.67
0,-43.00
0,-42.14
0,-40.65
0,-43.00
0,-45.40
0,-47.14
0,-46.22
0,-42.42
0,-42.14
0,-40.65
0,-45.80
0,-48.16
0,-47.14
0,-43.62
0,-41.12
0,-40.88
0,-42.70
0,-47.14
0,-45.01
0,-43.30
0,-42.42
0,-41.62
0,-40.88
0,-45.40
0,-45.80
0,-47.14
0,-43.30
0,-41.36
0,-40.65
0,-44.64
0,-47.64
0,-47.64
0,-43.95
0,-42.42
0,-41.36
0,-41.12
0,-45.80
0,-46.22
0,-46.22
0,-43.00
0,-41.87
0,-40.42
0,-43.62
0,-47.14
0,-46.67
0,-45.80
0,-41.87
0,-41.36
0,-41.12
0,-45.40
0,-46.22
0,-45.40
0,-42.42
0,-41.62
0,-40.65
0,-44.29
0,-46.67
0,-47.14
0,-43.62
0,-41.62
0,-41.36
0,-41.62
0,-45.80
0,-45.01
0,-45.80
0,-42.42
0,-41.87
0,-40.42
0,-45.40
0,-44.29
0,-46.67
0,-43.62
0,-41.12
0,-40.65
0,-42.14
0,-45.80
0,-46.67
0,-45.40
0,-42.14
0,-41.87
0,-40.88
0,-44.64
0,-46.22
0,-47.14
0,-42.42
0,-42.14
0,-41.87
0,-42.14
0,-46.22
0,-46.22
0,-45.40
0,-41.87
0,-41.36
0,-41.62
0,-45.80
0,-47.14
0,-46.67
0,-43.00
0,-41.62
0,-39.58
0,-43.30
0,-47.64
0,-46.22
0,-45.80
0,-42.70
0,-41.36
0,-41.62
0,-46.67
0,-47.64
0,-45.80
0,-43.62
0,-41.87
0,-41.12
0,-43.62
0,-48.16
0,-47.64
0,-44.64
0,-41.87
0,-41.62
0,-40.88
0,-47.14
0,-48.16
0,-47.64
0,-42.70
0,-41.36
0,-40.42
0,-42.70
0,-47.64
1,-48.16
1,-45.80
1,-41.62
1,-41.87
1,-41.87
1,-46.67
1,-46.67
1,-46.22
1,-42.70
1,-41.62
1,-40.42
1,-43.62
1,-48.16
1,-46.22
1,-43.62
1,-42.14
1,-41.36
1,-41.87
1,-46.67
1,-48.16
1,-45.01
1,-47.14
1,-46.67
1,-42.70
1,-41.87
1,-39.78
1,-43.95
1,-47.14
1,-47.14
1,-45.01
1,-41.62
1,-41.62
1,-41.12
1,-45.80
1,-45.80
1,-46.22
1,-41.62
1,-41.62
1,-40.65
1,-43.00
1,-47.64
1,-45.80
1,-43.62
1,-41.62
1,-39.99
1,-42.14
1,-46.67
1,-46.67
1,-49.97
1,-41.36
1,-40.42
1,-39.99
1,-43.95
1,-47.64
1,-46.22
1,-43.62
1,-41.87
1,-39.78
1,-41.87
1,-45.40
1,-45.80
1,-46.22
1,-41.62
1,-40.42
1,-40.65
1,-45.01
1,-46.67
1,-47.14
1,-43.62
1,-40.88
1,-39.18
1,-42.14
1,-45.40
1,-47.14
1,-45.80
1,-42.14
1,-40.88
1,-40.65
1,-44.29
1,-47.14
1,-46.22
1,-42.70
1,-41.36
1,-40.42
1,-43.95
1,-47.14
1,-47.14
1,-45.40
1,-43.30
1,-41.36
1,-40.20
1,-45.40
1,-46.67
1,-46.67
1,-42.14
1,-41.62
1,-39.99
1,-43.00
1,-45.40
1,-47.14
1,-43.95
1,-41.87
1,-40.20
1,-40.88
1,-45.80
1,-46.67
1,-45.40
1,-42.42
1,-41.12
1,-39.78
1,-42.14
1,-47.14
1,-46.22
1,-45.40
1,-41.87
1,-41.36
1,-41.62
1,-45.01
1,-45.40
1,-45.80
1,-43.00
1,-41.62
1,-40.65
1,-44.64
1,-47.64
1,-46.22
1,-43.00
1,-41.87
1,-41.87
1,-41.36
1,-45.80
1,-46.22
1,-47.14
1,-42.14
1,-41.12
1,-40.20
1,-43.62
1,-45.40
1,-44.64
1,-43.00
1,-41.87
1,-40.20
1,-43.00
1,-46.67
1,-47.14
1,-45.80
1,-42.14
1,-40.65
1,-40.65
1,-45.01
1,-48.16
1,-45.80
1,-43.62
1,-41.36
1,-40.42
1,-42.70
1,-47.14
1,-47.64
1,-44.29
1,-41.87
1,-41.87
1,-39.99
1,-45.01
1,-46.67
1,-47.14
1,-41.87
1,-41.36
1,-39.99
1,-42.42
1,-48.16
1,-46.22
1,-45.40
1,-41.62
1,-41.36
1,-40.65
1,-45.80
1,-48.16
1,-47.64
1,-43.30
1,-41.36
1,-39.99
1,-43.62
1,-44.29
1,-45.80
1,-45.01
1,-42.42
1,-40.88
1,-41.12
1,-45.80
1,-48.16
1,-47.14
1,-42.70
1,-40.88
1,-40.65
1,-43.30
1,-47.64
1,-48.16
1,-43.62
1,-41.62
1,-39.99
1,-41.62
1,-46.67
1,-47.64
1,-46.67
1,-42.70
1,-41.36
1,-40.42
1,-43.95
1,-46.67
1,-46.67
1,-43.95
1,-42.42
1,-40.42
1,-39.99
1,-45.40
1,-47.14
1,-45.01
1,-43.30
1,-41.62
1,-40.88
1,-45.01
1,-46.67
1,-48.16
1,-43.62
1,-41.12
1,-40.88
1,-42.14
1,-45.80
1,-48.16
1,-46.22
1,-42.14
1,-41.62
1,-40.65
1,-44.29
1,-45.80
1,-45.40
1,-43.00
1,-41.87
1,-40.42
1,-42.70
1,-47.64
1,-47.14
1,-44.29
1,-41.87
1,-40.42
1,-39.99
1,-45.01
1,-48.16
1,-48.16
1,-43.30
1,-41.36
1,-39.99
1,-43.62
1,-46.22
1,-46.67
1,-45.40
1,-42.14
1,-41.36
1,-41.62
1,-45.40
1,-46.67
1,-47.14
1,-43.95
1,-41.36
1,-39.78
1,-43.30
1,-47.64
1,-47.64
1,-43.62
1,-41.36
1,-41.36
1,-42.42
1,-45.80
1,-46.67
1,-47.64
1,-41.87
1,-40.65
1,-39.78
1,-43.62
1,-47.64
1,-46.22
1,-43.62
1,-39.78
1,-40.65
1,-41.12
1,-45.40
1,-47.14
1,-46.67
1,-43.00
1,-41.62
1,-41.87
1,-45.01
1,-45.80
1,-46.67
1,-42.70
1,-41.87
1,-40.65
1,-42.14
1,-46.67
1,-48.16
1,-45.80
1,-42.42
1,-39.99
1,-40.65
1,-43.95
1,-47.14
1,-46.67
1,-43.00
1,-41.87
1,-40.88
1,-42.70
1,-45.80
1,-45.40
1,-45.80
1,-42.14
1,-41.12
1,-40.65
1,-46.67
1,-47.64
1,-46.22
1,-42.14
1,-41.36
1,-40.65
1,-43.30
1,-46.67
1,-43.95
1,-44.29
1,-41.12
1,-39.99
1,-41.62
1,-44.64
1,-46.67
1,-45.01
1,-43.00
1,-41.87
1,-40.20
1,-43.00
1,-47.14
1,-47.64
1,-44.29
1,-41.36
1,-40.65
1,-41.36
1,-45.40
1,-47.64
1,-47.14
1,-42.14
1,-41.12
1,-39.99
1,-43.62
1,-47.64
1,-45.40
1,-43.62
1,-41.36
1,-40.42
1,-41.62
1,-45.01
1,-47.64
1,-45.80
1,-41.62
1,-41.87
1,-39.78
1,-45.80
1,-46.67
1,-48.16
1,-43.95
1,-41.36
1,-40.42
1,-42.14
1,-46.67
1,-46.67
1,-45.40
1,-41.62
1,-40.42
1,-40.42
1,-44.29
1,-46.22
1,-46.67
1,-43.62
1,-41.62
1,-40.42
1,-42.14
1,-46.67
2,-46.67
2,-46.67
2,-41.62
2,-40.42
2,-41.12
2,-45.40
2,-46.67
2,-47.14
2,-42.70
2,-41.12
2,-40.42
2,-42.42
2,-45.80
2,-46.67
2,-45.80
2,-41.36
2,-41.87
2,-40.88
2,-46.67
2,-46.67
2,-43.62
2,-42.42
2,-41.87
2,-39.99
2,-43.00
2,-45.80
2,-47.64
2,-45.80
2,-40.42
2,-41.36
2,-40.88
2,-46.67
2,-46.67
2,-48.16
2,-43.00
2,-41.62
2,-39.99
2,-43.62
2,-47.64
2,-46.67
2,-44.29
2,-41.87
2,-41.12
2,-41.12
2,-45.80
2,-47.64
2,-46.67
2,-47.14
2,-46.67
2,-46.67
2,-41.62
2,-41.36
2,-40.42
2,-43.30
2,-48.16
2,-47.14
2,-45.40
2,-40.88
2,-40.88
2,-41.87
2,-47.64
2,-46.67
2,-45.80
2,-42.14
2,-40.42
2,-40.65
2,-44.29
2,-46.22
2,-47.64
2,-42.42
2,-41.12
2,-39.78
2,-42.14
2,-47.64
2,-47.64
2,-44.29
2,-42.14
2,-41.36
2,-40.42
2,-45.40
2,-47.64
2,-45.40
2,-42.70
2,-40.88
2,-40.65
2,-43.62
2,-47.14
2,-46.67
2,-43.95
2,-41.36
2,-40.65
2,-41.62
2,-45.40
2,-45.40
2,-47.64
2,-42.70
2,-40.65
2,-39.58
2,-44.29
2,-47.14
2,-47.14
2,-44.29
2,-41.87
2,-41.12
2,-40.88
2,-46.22
2,-47.14
2,-47.14
2,-42.70
2,-40.88
2,-40.65
2,-42.14
2,-46.67
2,-47.64
2,-45.01
2,-41.62
2,-41.12
2,-41.62
2,-46.22
2,-48.16
2,-47.64
2,-43.00
2,-40.88
2,-40.42
2,-45.40
2,-48.16
2,-46.67
2,-43.62
2,-41.62
2,-40.65
2,-43.00
2,-46.22
2,-46.67
2,-46.67
2,-42.70
2,-40.88
2,-40.65
2,-44.64
2,-46.67
2,-46.67
2,-43.95
2,-40.65
2,-40.88
2,-42.42
2,-45.40
2,-48.16
2,-46.22
2,-41.36
2,-40.65
2,-39.99
2,-46.22
2,-48.16
2,-46.22
2,-43.00
2,-41.12
2,-39.78
2,-42.70
2,-46.22
2,-45.80
2,-45.01
2,-41.62
2,-41.36
2,-41.36
2,-45.80
2,-44.29
2,-46.22
2,-44.29
2,-42.42
2,-40.65
2,-43.30
2,-47.14
2,-46.22
2,-45.01
2,-41.62
2,-41.12
2,-41.36
2,-47.14
2,-47.64
2,-47.64
2,-43.95
2,-40.88
2,-40.65
2,-43.00
2,-46.67
2,-47.14
2,-44.29
2,-41.62
2,-40.88
2,-40.65
2,-47.64
2,-47.14
2,-45.80
2,-41.87
2,-41.12
2,-40.42
2,-43.95
2,-47.14
2,-48.16
2,-43.62
2,-42.42
2,-41.12
2,-40.88
2,-45.80
2,-47.64
2,-45.40
2,-42.70
2,-40.65
2,-39.58
2,-44.29
2,-46.22
2,-46.67
2,-42.70
2,-41.87
2,-40.20
2,-43.62
2,-45.40
2,-48.16
2,-45.40
2,-42.14
2,-41.36
2,-40.88
2,-43.95
2,-45.80
2,-47.64
2,-42.14
2,-41.36
2,-40.65
2,-42.14
2,-45.80
2,-47.64
2,-45.01
2,-41.87
2,-41.12
2,-40.42
2,-45.80
2,-48.16
2,-45.40
2,-43.62
2,-40.65
2,-40.42
2,-43.62
2,-48.16
2,-46.67
2,-45.80
2,-41.87
2,-40.20
2,-40.65
2,-44.29
2,-47.14
2,-48.16
2,-43.00
2,-41.62
2,-41.36
2,-43.95
2,-46.67
2,-47.14
2,-43.95
2,-42.14
2,-41.36
2,-41.12
2,-45.01
2,-46.67
2,-47.14
2,-42.14
2,-41.12
2,-39.78
2,-43.00
2,-46.22
2,-46.67
2,-43.95
2,-41.87
2,-40.20
2,-40.88
2,-46.22
2,-45.80
2,-43.95
2,-41.87
2,-40.88
2,-41.36
2,-43.62
2,-46.22
2,-46.67
2,-43.00
2,-41.12
2,-40.20
2,-40.88
2,-45.80
2,-46.67
2,-46.67
2,-42.70
2,-40.88
2,-39.58
2,-42.14
2,-48.16
2,-46.67
2,-42.42
2,-41.87
2,-40.88
2,-42.42
2,-46.22
2,-45.01
2,-45.01
2,-41.62
2,-41.62
2,-39.38
2,-45.40
2,-46.22
2,-47.14
2,-43.00
2,-42.14
2,-40.42
2,-42.70
2,-47.14
2,-46.67
2,-45.40
2,-41.36
2,-41.36
2,-40.88
2,-45.40
2,-48.16
2,-47.64
2,-43.30
2,-40.88
2,-41.12
2,-44.29
2,-45.80
2,-46.67
2,-45.01
2,-42.70
2,-40.88
2,-40.42
2,-47.64
2,-47.14
2,-47.64
2,-42.70
2,-41.12
2,-40.65
2,-44.29
2,-48.16
2,-48.16
2,-45.80
2,-42.14
2,-38.80
2,-41.36
2,-47.64
2,-47.64
2,-48.16
2,-42.70
2,-41.87
2,-41.62
2,-43.95
2,-48.16
2,-45.80
2,-45.40
2,-42.14
2,-40.65
2,-41.36
2,-47.14
2,-46.22
2,-48.16
2,-42.70
2,-43.00
2,-41.36
2,-44.29
2,-46.22
2,-48.16
2,-44.29
2,-42.14
2,-40.88
2,-42.70
2,-47.14
2,-48.16
2,-46.67
2,-42.14
2,-40.88
2,-40.20
2,-45.80
2,-47.14
2,-47.64
2,-43.95
2,-42.42
2,-39.18
2,-42.70
2,-46.67
3,-47.14
3,-45.01
3,-42.14
3,-40.65
3,-39.78
3,-45.40
3,-48.16
3,-47.14
3,-43.62
3,-41.62
3,-39.78
3,-42.70
3,-46.67
3,-47.14
3,-45.80
3,-41.36
3,-39.99
3,-40.65
3,-46.22
3,-48.16
3,-48.16
3,-43.00
3,-41.87
3,-39.18
3,-43.30
3,-47.64
3,-48.16
3,-45.01
3,-40.88
3,-40.65
3,-41.12
3,-47.64
3,-45.80
3,-46.22
3,-42.70
3,-40.42
3,-40.20
3,-43.62
3,-47.64
3,-47.14
3,-44.29
3,-41.36
3,-39.18
3,-41.62
3,-47.64
3,-47.64
3,-44.29
3,-42.42
3,-40.88
3,-39.78
3,-44.29
3,-46.22
3,-48.16
3,-43.62
3,-40.88
3,-39.78
3,-42.14
3,-45.01
3,-47.64
3,-46.67
3,-40.42
3,-43.00
3,-39.18
3,-44.29
3,-46.22
3,-48.16
3,-43.30
3,-40.88
3,-39.58
3,-43.00
3,-44.29
3,-46.67
3,-47.64
3,-45.80
3,-47.14
3,-45.01
3,-41.62
3,-39.99
3,-39.58
3,-43.30
3,-46.22
3,-44.29
3,-42.70
3,-41.12
3,-39.99
3,-43.95
3,-45.40
3,-48.16
3,-44.29
3,-40.65
3,-39.58
3,-40.42
3,-45.40
3,-45.01
3,-46.67
3,-42.14
3,-40.20
3,-39.58
3,-42.14
3,-46.22
3,-45.80
3,-43.62
3,-40.65
3,-41.36
3,-39.18
3,-46.22
3,-47.64
3,-46.67
3,-41.36
3,-39.99
3,-39.18
3,-43.62
3,-47.14
3,-47.64
3,-43.00
3,-39.99
3,-39.99
3,-41.36
3,-46.22
3,-46.67
3,-45.80
3,-41.36
3,-39.78
3,-38.80
3,-43.62
3,-45.40
3,-44.64
3,-43.00
3,-40.88
3,-39.58
3,-41.62
3,-45.01
3,-46.67
3,-43.62
3,-41.12
3,-39.78
3,-39.58
3,-43.62
3,-47.14
3,-46.22
3,-42.14
3,-41.62
3,-39.38
3,-41.62
3,-45.80
3,-46.22
3,-42.70
3,-41.36
3,-41.36
3,-39.99
3,-45.01
3,-45.80
3,-46.67
3,-41.87
3,-39.18
3,-39.18
3,-42.14
3,-46.67
3,-46.67
3,-43.00
3,-40.88
3,-40.42
3,-39.18
3,-43.62
3,-46.22
3,-47.64
3,-42.70
3,-40.65
3,-39.58
3,-42.70
3,-46.67
3,-43.95
3,-44.29
3,-40.88
3,-40.20
3,-40.20
3,-43.95
3,-45.80
3,-47.64
3,-42.14
3,-39.78
3,-38.99
3,-43.00
3,-48.16
3,-46.22
3,-43.00
3,-40.65
3,-39.99
3,-40.42
3,-43.95
3,-45.80
3,-45.80
3,-43.00
3,-41.62
3,-39.99
3,-43.30
3,-46.22
3,-45.80
3,-43.95
3,-41.36
3,-40.65
3,-41.12
3,-45.40
3,-45.80
3,-43.95
3,-41.87
3,-40.65
3,-40.42
3,-45.40
3,-46.67
3,-46.22
3,-43.62
3,-40.65
3,-39.58
3,-41.12
3,-46.67
3,-47.14
3,-45.01
3,-43.30
3,-40.65
3,-39.78
3,-43.62
3,-46.67
3,-45.80
3,-42.14
3,-40.65
3,-39.99
3,-42.42
3,-46.67
3,-48.16
3,-44.29
3,-40.65
3,-40.65
3,-40.42
3,-44.29
3,-46.22
3,-46.22
3,-42.70
3,-40.88
3,-39.78
3,-43.62
3,-46.67
3,-46.67
3,-45.01
3,-41.87
3,-40.65
3,-40.65
3,-47.14
3,-47.14
3,-47.14
3,-41.87
3,-41.36
3,-39.78
3,-43.62
3,-47.64
3,-47.14
3,-45.01
3,-42.14
3,-40.88
3,-41.12
3,-46.67
3,-47.14
3,-47.14
3,-43.00
3,-41.62
3,-40.65
3,-43.95
3,-47.64
3,-46.22
3,-43.00
3,-41.62
3,-40.88
3,-41.36
3,-46.22
3,-46.67
3,-48.16
3,-43.00
3,-40.88
3,-39.99
3,-45.01
3,-47.14
3,-47.64
3,-43.95
3,-41.87
3,-41.36
3,-42.14
3,-43.62
3,-45.80
3,-45.80
3,-41.87
3,-40.88
3,-40.65
3,-45.01
3,-47.14
3,-47.14
3,-42.70
3,-41.62
3,-39.58
3,-43.30
3,-47.14
3,-48.16
3,-45.80
3,-41.62
3,-40.42
3,-40.42
3,-44.29
3,-45.80
3,-47.64
3,-42.14
3,-42.14
3,-39.99
3,-43.95
3,-45.80
3,-46.22
3,-45.40
3,-41.62
3,-39.99
3,-40.65
3,-46.22
3,-46.67
3,-45.80
3,-43.00
3,-40.88
3,-39.78
3,-44.29
3,-47.64
3,-49.97
3,-44.29
3,-41.36
3,-41.36
3,-40.20
3,-46.67
3,-45.80
3,-46.22
3,-42.14
3,-41.36
3,-40.20
3,-43.62
3,-43.95
3,-47.14
3,-43.95
3,-41.62
3,-39.78
3,-41.36
3,-47.64
3,-47.14
3,-48.16
3,-41.62
3,-40.88
3,-39.58
3,-43.00
3,-47.14
3,-48.16
3,-43.00
3,-41.62
3,-39.99
3,-40.65
3,-46.67
3,-47.64
3,-45.80
3,-41.62
3,-41.12
3,-39.58
3,-45.40
3,-47.14
3,-48.16
3,-43.95
3,-41.36
3,-41.36
3,-41.87
3,-47.64
3,-47.14
3,-46.22
3,-42.14
3,-41.36
3,-39.78
3,-45.40
3,-46.67
3,-45.80
3,-43.00
3,-40.88
3,-39.99
3,-43.95
4,-48.16
4,-46.67
4,-45.01
4,-41.36
4,-41.12
4,-39.99
4,-44.29
4,-48.16
4,-47.14
4,-42.14
4,-42.14
4,-40.88
4,-43.00
4,-46.67
4,-48.16
4,-45.40
4,-41.62
4,-41.62
4,-41.36
4,-46.67
4,-48.16
4,-47.64
4,-42.42
4,-41.62
4,-40.65
4,-44.29
4,-46.67
4,-48.16
4,-43.00
4,-41.87
4,-40.65
4,-41.12
4,-45.01
4,-46.67
4,-48.16
4,-41.12
4,-41.62
4,-40.42
4,-43.95
4,-48.16
4,-48.16
4,-45.01
4,-41.62
4,-40.42
4,-41.62
4,-47.14
4,-48.16
4,-46.22
4,-42.42
4,-41.62
4,-39.78
4,-45.01
4,-47.14
4,-47.14
4,-44.64
4,-41.62
4,-40.42
4,-42.14
4,-46.67
4,-45.80
4,-46.22
4,-42.42
4,-41.62
4,-39.99
4,-45.40
4,-46.67
4,-46.67
4,-42.70
4,-40.88
4,-40.88
4,-43.00
4,-47.64
4,-47.64
4,-45.80
4,-41.87
4,-41.87
4,-39.99
4,-45.80
4,-48.16
4,-46.22
4,-43.95
4,-41.62
4,-40.42
4,-42.42
4,-45.80
4,-46.67
4,-45.40
4,-41.87
4,-41.12
4,-41.36
4,-45.40
4,-47.14
4,-47.14
4,-41.62
4,-41.36
4,-39.58
4,-43.00
4,-47.14
4,-48.16
4,-43.00
4,-46.67
4,-46.67
4,-44.29
4,-40.42
4,-40.88
4,-42.42
4,-46.67
4,-48.16
4,-45.80
4,-42.14
4,-41.62
4,-40.42
4,-43.62
4,-48.16
4,-48.16
4,-43.95
4,-41.36
4,-40.42
4,-41.87
4,-44.64
4,-47.14
4,-47.14
4,-42.42
4,-41.87
4,-39.78
4,-43.95
4,-48.16
4,-46.22
4,-42.42
4,-41.12
4,-40.42
4,-42.14
4,-47.14
4,-47.14
4,-46.67
4,-42.42
4,-40.88
4,-40.88
4,-46.22
4,-47.64
4,-48.16
4,-42.70
4,-41.62
4,-40.20
4,-42.42
4,-47.14
4,-47.64
4,-45.40
4,-41.87
4,-39.78
4,-39.58
4,-45.80
4,-47.14
4,-45.80
4,-43.00
4,-41.87
4,-39.58
4,-43.62
4,-48.16
4,-48.16
4,-44.64
4,-41.62
4,-39.99
4,-41.87
4,-45.40
4,-48.16
4,-46.67
4,-42.42
4,-40.88
4,-39.99
4,-43.62
4,-47.14
4,-47.64
4,-43.95
4,-42.14
4,-40.88
4,-39.99
4,-46.67
4,-48.16
4,-47.64
4,-44.29
4,-40.65
4,-39.78
4,-44.29
4,-47.64
4,-47.14
4,-44.29
4,-40.88
4,-39.78
4,-40.88
4,-47.64
4,-48.72
4,-48.16
4,-41.87
4,-41.12
4,-38.99
4,-42.70
4,-48.16
4,-47.64
4,-46.67
4,-43.00
4,-43.00
4,-43.30
4,-48.16
4,-47.14
4,-45.40
4,-41.62
4,-40.65
4,-39.78
4,-46.67
4,-48.16
4,-46.22
4,-42.42
4,-40.20
4,-39.38
4,-43.00
4,-47.14
4,-47.64
4,-46.67
4,-41.62
4,-40.88
4,-39.99
4,-44.64
4,-47.14
4,-47.64
4,-41.87
4,-40.65
4,-38.99
4,-42.70
4,-45.40
4,-47.64
4,-45.80
4,-41.62
4,-39.78
4,-39.78
4,-45.80
4,-48.16
4,-47.14
4,-41.87
4,-40.88
4,-39.58
4,-42.42
4,-46.22
4,-47.14
4,-44.29
4,-41.12
4,-38.80
4,-39.18
4,-46.67
4,-48.16
4,-47.14
4,-37.13
4,-34.18
4,-35.22
4,-43.95
4,-48.16
4,-48.16
4,-44.29
4,-40.65
4,-39.99
4,-40.88
4,-47.64
4,-48.16
4,-48.16
4,-42.70
4,-40.88
4,-39.58
4,-44.29
4,-48.16
4,-47.14
4,-43.00
4,-40.88
4,-39.58
4,-41.36
4,-47.64
4,-47.14
4,-45.80
4,-40.88
4,-41.36
4,-39.58
4,-45.80
4,-46.67
4,-47.14
4,-42.42
4,-41.62
4,-39.99
4,-42.70
4,-47.14
4,-46.67
4,-45.01
4,-40.42
4,-40.88
4,-39.58
4,-43.95
4,-47.64
4,-48.16
4,-42.70
4,-40.88
4,-40.88
4,-42.14
4,-48.16
4,-47.14
4,-44.29
4,-41.62
4,-41.36
4,-40.65
4,-45.80
4,-47.64
4,-46.67
4,-42.14
4,-41.12
4,-41.36
4,-43.30
4,-47.14
4,-46.67
4,-45.01
4,-41.62
4,-40.65
4,-41.36
4,-45.80
4,-46.67
4,-45.40
4,-42.42
4,-41.36
4,-40.88
4,-43.30
4,-47.64
4,-48.16
4,-43.95
4,-42.42
4,-40.88
4,-41.62
4,-45.40
4,-46.67
4,-46.67
4,-42.14
4,-41.62
4,-39.99
4,-45.01
4,-46.67
4,-45.40
4,-43.00
4,-41.87
4,-40.88
4,-41.62
4,-47.64
4,-47.64
4,-47.14
4,-41.87
4,-40.65
4,-40.88
4,-46.22
4,-48.16
4,-47.64
4,-42.70
4,-41.87
4,-40.65
4,-42.42
4,-46.67
4,-45.80
4,-43.95
4,-41.62
4,-41.87
4,-39.58
4,-45.01
4,-46.67
4,-45.01
4,-42.14
4,-40.88
4,-40.65
4,-42.14
4,-46.67
4,-45.80
4,-45.80
4,-42.14
4,-41.36
4,-40.65
4,-45.40
4,-45.80
4,-46.67
4,-42.42
4,-40.65
4,-39.78
4,-42.42
5,-47.64
5,-46.22
5,-45.80
5,-41.62
5,-41.12
5,-39.99
5,-45.01
5,-45.80
5,-46.67
5,-42.42
5,-42.14
5,-40.88
5,-45.01
5,-46.67
5,-47.14
5,-43.00
5,-41.36
5,-41.12
5,-41.62
5,-45.80
5,-48.16
5,-46.67
5,-42.14
5,-41.36
5,-40.65
5,-43.95
5,-45.80
5,-45.80
5,-42.70
5,-41.62
5,-41.62
5,-41.62
5,-45.01
5,-47.64
5,-47.14
5,-42.42
5,-41.62
5,-39.78
5,-45.01
5,-46.67
5,-48.16
5,-42.42
5,-41.12
5,-39.58
5,-42.70
5,-46.22
5,-46.22
5,-44.64
5,-41.62
5,-42.14
5,-39.99
5,-43.95
5,-47.14
5,-46.67
5,-43.30
5,-41.87
5,-41.12
5,-41.36
5,-46.22
5,-45.80
5,-47.14
5,-41.87
5,-41.87
5,-40.88
5,-44.29
5,-48.16
5,-45.40
5,-42.42
5,-41.36
5,-41.12
5,-43.00
5,-47.14
5,-48.16
5,-44.64
5,-42.70
5,-40.42
5,-39.99
5,-44.64
5,-46.67
5,-46.67
5,-42.14
5,-41.62
5,-39.78
5,-43.95
5,-47.64
5,-47.64
5,-47.14
5,-42.42
5,-41.87
5,-41.12
5,-45.80
5,-45.40
5,-47.14
5,-42.14
5,-41.62
5,-40.65
5,-44.29
5,-45.40
5,-46.67
5,-44.29
5,-42.14
5,-41.87
5,-40.88
5,-47.64
5,-47.64
5,-45.40
5,-42.14
5,-40.88
5,-39.99
5,-44.29
5,-46.67
5,-47.14
5,-41.87
5,-41.62
5,-41.36
5,-41.36
5,-47.14
5,-45.80
5,-47.14
5,-42.42
5,-42.14
5,-41.62
5,-43.95
5,-46.67
5,-46.67
5,-41.62
5,-41.87
5,-41.12
5,-46.67
5,-46.67
5,-45.40
5,-42.14
5,-40.88
5,-40.42
5,-43.95
5,-46.22
5,-46.22
5,-43.30
5,-41.87
5,-40.88
5,-41.62
5,-45.80
5,-47.14
5,-46.67
5,-41.87
5,-42.42
5,-39.99
5,-43.30
5,-47.64
5,-46.22
5,-42.70
5,-41.12
5,-39.99
5,-41.62
5,-46.67
5,-46.22
5,-45.40
5,-42.14
5,-40.65
5,-38.99
5,-43.95
5,-46.67
5,-47.14
5,-43.62
5,-42.14
5,-40.65
5,-45.80
5,-46.67
5,-46.22
5,-46.67
5,-40.88
5,-40.42
5,-39.78
5,-45.01
5,-46.67
5,-46.67
5,-42.14
5,-40.65
5,-40.65
5,-42.70
5,-46.22
5,-46.67
5,-43.95
5,-41.62
5,-40.65
5,-39.38
5,-45.80
5,-46.22
5,-46.67
5,-44.29
5,-40.42
5,-39.78
5,-41.87
5,-48.72
5,-47.14
5,-43.62
5,-41.62
5,-39.78
5,-40.42
5,-43.62
5,-47.14
5,-43.62
5,-42.14
5,-42.14
5,-40.42
5,-43.95
5,-47.64
5,-47.64
5,-43.00
5,-41.36
5,-40.20
5,-39.99
5,-43.95
5,-43.62
5,-46.22
5,-43.30
5,-38.99
5,-40.42
5,-43.30
5,-46.67
5,-46.22
5,-45.40
5,-41.62
5,-38.62
5,-41.12
5,-45.80
5,-47.64
5,-45.01
5,-41.87
5,-40.88
5,-39.99
5,-45.80
5,-46.67
5,-48.16
5,-42.42
5,-40.42
5,-39.58
5,-41.62
5,-43.62
5,-45.40
5,-46.67
5,-42.42
5,-43.00
5,-40.88
5,-43.95
5,-45.80
5,-46.22
5,-41.36
5,-41.87
5,-38.44
5,-42.42
5,-45.01
5,-48.16
5,-45.40
5,-41.62
5,-40.88
5,-38.99
5,-45.40
5,-46.67
5,-48.16
5,-41.62
5,-40.42
5,-41.62
5,-42.14
5,-43.95
5,-48.16
5,-45.01
5,-41.87
5,-41.12
5,-40.65
5,-45.01
5,-47.64
5,-48.16
5,-41.87
5,-42.42
5,-39.18
5,-42.14
5,-44.64
5,-47.64
5,-42.70
5,-40.20
5,-41.36
5,-40.65
5,-42.70
5,-45.80
5,-47.64
5,-42.14
5,-39.18
5,-40.88
5,-42.42
5,-47.14
5,-46.22
5,-43.00
5,-41.36
5,-41.12
5,-41.62
5,-45.01
5,-46.22
5,-46.22
5,-41.87
5,-39.38
5,-40.65
5,-43.00
5,-45.80
5,-45.40
5,-45.01
5,-39.58
5,-39.18
5,-41.87
5,-47.14
5,-46.22
5,-47.14
5,-43.00
5,-40.65
5,-40.88
5,-45.01
5,-47.14
5,-45.80
5,-44.29
5,-40.65
5,-40.88
5,-40.42
5,-45.40
5,-47.14
5,-45.40
5,-42.14
5,-41.36
5,-40.42
5,-43.00
5,-48.16
5,-46.67
5,-43.62
5,-39.58
5,-39.99
5,-42.42
5,-47.14
5,-47.64
5,-47.14
5,-41.12
5,-40.65
5,-39.78
5,-45.01
5,-47.14
5,-42.42
5,-42.42
5,-41.12
5,-40.42
5,-43.00
5,-48.16
5,-48.16
5,-42.70
5,-40.88
5,-39.78
5,-39.99
5,-45.01
5,-47.64
5,-46.22
5,-41.87
5,-42.42
5,-40.42
5,-44.29
5,-45.40
5,-46.67
5,-43.30
5,-41.62
5,-40.65
5,-41.62
5,-47.14
5,-47.64
5,-46.67
5,-40.65
5,-42.42
5,-38.99
5,-43.95
5,-47.64
5,-47.14
5,-42.70
5,-41.36
5,-39.38
5,-41.87
6,-48.16
6,-45.01
6,-47.64
6,-41.62
6,-41.87
6,-38.62
6,-45.80
6,-46.22
6,-47.64
6,-43.62
6,-40.88
6,-38.99
6,-41.36
6,-47.14
6,-47.14
6,-45.01
6,-42.42
6,-40.65
6,-40.65
6,-44.64
6,-46.67
6,-45.80
6,-43.00
6,-41.87
6,-39.78
6,-43.00
6,-45.40
6,-47.14
6,-45.40
6,-43.00
6,-39.99
6,-38.62
6,-45.01
6,-47.14
6,-43.95
6,-43.00
6,-42.14
6,-39.78
6,-41.62
6,-47.64
6,-47.64
6,-45.80
6,-40.88
6,-41.87
6,-40.65
6,-45.40
6,-47.64
6,-46.22
6,-42.14
6,-39.78
6,-39.78
6,-41.62
6,-47.64
6,-44.29
6,-43.00
6,-42.14
6,-41.62
6,-38.99
6,-46.22
6,-47.64
6,-47.14
6,-42.42
6,-41.62
6,-39.58
6,-43.95
6,-46.67
6,-45.01
6,-42.42
6,-40.65
6,-40.65
6,-40.65
6,-46.67
6,-46.67
6,-47.64
6,-42.14
6,-41.87
6,-39.58
6,-44.29
6,-48.16
6,-46.67
6,-44.29
6,-42.14
6,-40.88
6,-39.99
6,-43.95
6,-46.67
6,-45.80
6,-40.65
6,-41.12
6,-39.38
6,-44.64
6,-48.16
6,-46.67
6,-45.01
6,-41.36
6,-39.78
6,-41.87
6,-45.80
6,-44.29
6,-44.64
6,-41.62
6,-41.62
6,-41.12
6,-46.22
6,-47.14
6,-44.29
6,-42.42
6,-40.65
6,-40.42
6,-41.36
6,-46.67
6,-47.64
6,-45.40
6,-41.36
6,-41.36
6,-38.99
6,-47.14
6,-45.40
6,-46.22
6,-43.30
6,-41.62
6,-40.65
6,-42.14
6,-47.64
6,-45.80
6,-45.40
6,-41.62
6,-40.42
6,-38.62
6,-46.22
6,-46.67
6,-46.22
6,-42.14
6,-41.36
6,-39.58
6,-43.62
6,-47.14
6,-46.22
6,-45.01
6,-40.88
6,-39.99
6,-39.58
6,-46.67
6,-45.80
6,-45.01
6,-42.14
6,-41.87
6,-38.80
6,-43.62
6,-47.64
6,-46.67
6,-42.70
6,-42.14
6,-40.42
6,-41.12
6,-41.62
6,-41.62
6,-42.14
6,-46.67
6,-46.67
6,-46.67
6,-42.14
6,-40.42
6,-39.18
6,-43.00
6,-47.64
6,-44.29
6,-42.70
6,-41.36
6,-40.88
6,-41.87
6,-45.80
6,-47.64
6,-45.01
6,-42.14
6,-40.88
6,-39.58
6,-43.62
6,-45.40
6,-46.22
6,-42.14
6,-40.65
6,-41.36
6,-43.00
6,-45.80
6,-47.64
6,-45.01
6,-43.00
6,-40.65
6,-41.12
6,-45.40
6,-48.16
6,-45.01
6,-41.87
6,-41.62
6,-40.65
6,-42.70
6,-46.67
6,-48.16
6,-43.95
6,-42.42
6,-41.62
6,-41.12
6,-45.40
6,-48.16
6,-47.14
6,-42.70
6,-40.42
6,-39.58
6,-43.30
6,-45.40
6,-46.67
6,-43.30
6,-41.62
6,-41.36
6,-40.88
6,-46.67
6,-48.16
6,-46.67
6,-42.70
6,-43.00
6,-38.09
6,-43.95
6,-48.16
6,-47.14
6,-44.29
6,-40.42
6,-40.65
6,-41.87
6,-46.22
6,-46.67
6,-45.80
6,-40.65
6,-41.87
6,-39.18
6,-45.01
6,-47.14
6,-46.67
6,-43.62
6,-41.36
6,-41.12
6,-41.62
6,-48.16
6,-45.40
6,-47.64
6,-41.36
6,-42.14
6,-39.18
6,-46.22
6,-47.14
6,-45.80
6,-41.87
6,-42.70
6,-39.99
6,-41.36
6,-46.67
6,-47.64
6,-43.00
6,-40.88
6,-41.36
6,-39.58
6,-42.42
6,-47.14
6,-47.64
6,-42.70
6,-39.99
6,-40.65
6,-42.70
6,-47.64
6,-47.14
6,-45.80
6,-41.62
6,-41.36
6,-38.99
6,-47.14
6,-48.16
6,-48.16
6,-42.14
6,-41.62
6,-40.20
6,-43.62
6,-45.80
6,-46.22
6,-45.40
6,-40.88
6,-41.87
6,-41.62
6,-46.22
6,-47.14
6,-45.80
6,-42.14
6,-41.87
6,-39.18
6,-42.42
6,-45.01
6,-46.22
6,-45.40
6,-40.88
6,-41.62
6,-40.42
6,-47.14
6,-48.16
6,-46.67
6,-42.14
6,-41.36
6,-40.42
6,-45.40
6,-46.22
6,-48.16
6,-43.00
6,-41.87
6,-39.18
6,-40.42
6,-46.22
6,-48.16
6,-45.80
6,-41.62
6,-42.14
6,-39.99
6,-45.40
6,-48.16
6,-46.67
6,-43.00
6,-41.62
6,-40.88
6,-42.42
6,-47.14
6,-47.64
6,-45.40
6,-41.62
6,-40.42
6,-39.18
6,-45.01
6,-45.80
6,-46.22
6,-42.70
6,-41.36
6,-40.42
6,-43.30
6,-46.67
6,-45.40
6,-45.40
6,-43.00
6,-42.14
6,-39.58
6,-45.01
6,-48.16
6,-48.16
6,-42.70
6,-39.58
6,-39.38
6,-42.42
6,-46.67
6,-43.62
6,-43.95
6,-41.87
6,-41.36
6,-39.58
6,-45.40
6,-47.14
6,-45.40
6,-41.62
6,-42.14
6,-39.58
6,-44.29
6,-47.64
6,-47.14
6,-43.95
6,-40.88
6,-40.42
6,-41.36
6,-45.80
6,-46.67
6,-48.16
6,-42.14
6,-41.36
6,-39.78
6,-43.95
6,-46.67
6,-46.67
6,-46.22
6,-41.36
6,-40.65
6,-41.87
7,-46.22
7,-47.14
7,-46.22
7,-42.14
7,-41.62
7,-41.36
7,-43.62
7,-48.16
7,-47.14
7,-44.29
7,-41.36
7,-40.65
7,-41.36
7,-47.64
7,-48.16
7,-45.80
7,-41.36
7,-41.12
7,-39.38
7,-45.01
7,-46.67
7,-46.67
7,-42.14
7,-41.87
7,-40.42
7,-41.87
7,-47.14
7,-46.67
7,-43.62
7,-41.12
7,-40.65
7,-40.42
7,-45.40
7,-45.80
7,-48.16
7,-42.42
7,-41.12
7,-41.36
7,-43.95
7,-48.16
7,-47.14
7,-45.80
7,-41.87
7,-40.20
7,-40.88
7,-45.01
7,-46.67
7,-45.40
7,-42.70
7,-40.20
7,-40.20
7,-42.42
7,-45.80
7,-46.67
7,-43.95
7,-40.42
7,-39.99
7,-41.12
7,-45.40
7,-47.64
7,-46.22
7,-41.87
7,-40.65
7,-40.42
7,-44.29
7,-48.16
7,-45.80
7,-43.95
7,-41.36
7,-40.88
7,-39.78
7,-45.80
7,-46.67
7,-47.14
7,-41.62
7,-39.78
7,-40.42
7,-44.29
7,-47.64
7,-45.40
7,-42.14
7,-40.42
7,-41.62
7,-39.58
7,-46.67
7,-46.22
7,-48.16
7,-42.14
7,-42.42
7,-39.18
7,-43.30
7,-48.16
7,-46.67
7,-42.42
7,-39.78
7,-41.36
7,-41.87
7,-45.80
7,-44.64
7,-48.16
7,-45.01
7,-39.78
7,-39.58
7,-46.22
7,-46.67
7,-47.14
7,-43.62
7,-41.36
7,-39.58
7,-43.30
7,-47.64
7,-47.64
7,-44.64
7,-41.87
7,-40.65
7,-39.58
7,-44.29
7,-46.22
7,-45.80
7,-42.70
7,-40.88
7,-40.65
7,-42.70
7,-47.14
7,-47.64
7,-45.40
7,-42.14
7,-41.36
7,-40.65
7,-47.14
7,-47.64
7,-47.64
7,-43.00
7,-41.36
7,-40.20
7,-43.00
7,-46.67
7,-45.01
7,-44.29
7,-40.88
7,-39.99
7,-41.87
7,-46.22
7,-46.22
7,-46.22
7,-42.14
7,-42.14
7,-41.36
7,-45.40
7,-45.01
7,-46.22
7,-43.62
7,-40.88
7,-41.62
7,-39.58
7,-45.40
7,-48.16
7,-48.16
7,-40.88
7,-40.88
7,-39.99
7,-44.29
7,-48.16
7,-48.16
7,-43.00
7,-40.88
7,-42.14
7,-42.14
7,-47.14
7,-45.40
7,-45.80
7,-41.87
7,-42.14
7,-38.80
7,-44.29
7,-47.14
7,-47.14
7,-43.95
7,-41.62
7,-40.88
7,-43.62
7,-42.14
7,-40.65
7,-44.29
7,-45.80
7,-45.80
7,-46.22
7,-41.87
7,-40.88
7,-39.78
7,-45.80
7,-47.14
7,-45.80
7,-43.62
7,-41.87
7,-40.20
7,-45.01
7,-45.40
7,-48.16
7,-43.30
7,-39.99
7,-41.36
7,-40.20
7,-44.64
7,-46.67
7,-45.80
7,-42.70
7,-41.62
7,-39.58
7,-43.00
7,-47.64
7,-46.22
7,-43.95
7,-41.36
7,-39.99
7,-41.36
7,-47.14
7,-47.64
7,-48.16
7,-42.14
7,-41.87
7,-39.78
7,-45.01
7,-47.14
7,-47.64
7,-43.00
7,-41.12
7,-41.12
7,-40.65
7,-47.14
7,-47.64
7,-43.95
7,-41.62
7,-41.36
7,-39.18
7,-43.62
7,-47.64
7,-47.14
7,-43.30
7,-41.36
7,-40.65
7,-42.14
7,-47.14
7,-47.64
7,-47.64
7,-41.36
7,-41.62
7,-39.78
7,-47.14
7,-45.80
7,-47.14
7,-43.62
7,-41.62
7,-40.42
7,-41.87
7,-47.64
7,-47.14
7,-44.29
7,-41.12
7,-41.36
7,-39.58
7,-45.01
7,-47.14
7,-46.67
7,-42.14
7,-41.36
7,-40.42
7,-43.30
7,-48.16
7,-47.64
7,-43.95
7,-41.36
7,-40.88
7,-39.58
7,-45.80
7,-48.16
7,-46.22
7,-42.42
7,-40.65
7,-40.42
7,-43.95
7,-46.67
7,-46.67
7,-45.01
7,-40.65
7,-40.65
7,-40.88
7,-45.80
7,-46.22
7,-47.14
7,-42.42
7,-41.36
7,-40.42
7,-42.42
7,-48.16
7,-46.67
7,-43.95
7,-41.36
7,-41.12
7,-41.36
7,-48.16
7,-45.80
7,-47.64
7,-41.36
7,-41.12
7,-39.58
7,-43.95
7,-46.22
7,-45.80
7,-42.70
7,-41.87
7,-40.65
7,-41.36
7,-46.22
7,-46.67
7,-46.22
7,-42.42
7,-40.88
7,-41.36
7,-45.40
7,-47.64
7,-45.80
7,-43.95
7,-41.12
7,-40.42
7,-41.36
7,-47.64
7,-47.14
7,-47.64
7,-41.62
7,-41.36
7,-39.38
7,-45.40
7,-47.14
7,-45.80
7,-42.14
7,-41.36
7,-39.78
7,-43.62
7,-46.22
7,-47.14
7,-44.64
7,-42.14
7,-41.36
7,-39.99
7,-45.01
7,-46.67
7,-47.14
7,-41.87
7,-39.99
7,-39.99
7,-42.42
7,-48.16
7,-47.64
7,-45.40
7,-41.62
7,-40.65
7,-39.78
7,-46.67
7,-48.16
7,-48.16
7,-42.42
7,-40.65
7,-39.58
7,-43.62
7,-47.14
7,-46.22
7,-44.64
7,-40.65
7,-40.42
7,-39.99
7,-45.40
7,-47.14
7,-46.67
7,-42.42
7,-41.36
7,-39.99
7,-43.95
7,-47.64
7,-47.14
7,-43.95
7,-41.12
7,-41.12
7,-41.62
8,-46.67
8,-48.16
8,-45.80
8,-44.64
8,-41.36
8,-40.20
8,-45.40
8,-46.67
8,-46.67
8,-42.70
8,-41.12
8,-39.78
8,-41.36
8,-46.67
8,-52.25
8,-46.22
8,-41.36
8,-40.88
8,-39.18
8,-45.80
8,-46.67
8,-46.22
8,-42.70
8,-41.36
8,-40.65
8,-41.87
8,-47.14
8,-46.67
8,-46.67
8,-42.42
8,-41.62
8,-39.58
8,-45.40
8,-47.14
8,-46.67
8,-42.70
8,-41.62
8,-39.99
8,-43.95
8,-47.14
8,-48.16
8,-46.22
8,-41.62
8,-39.18
8,-40.65
8,-45.01
8,-48.16
8,-46.22
8,-42.70
8,-41.87
8,-40.88
8,-41.87
8,-47.64
8,-48.16
8,-44.29
8,-41.36
8,-41.12
8,-40.42
8,-46.22
8,-46.67
8,-45.01
8,-42.42
8,-41.62
8,-39.99
8,-43.95
8,-47.14
8,-46.67
8,-43.95
8,-41.36
8,-40.88
8,-40.42
8,-45.01
8,-46.67
8,-45.01
8,-42.42
8,-42.14
8,-39.78
8,-45.40
8,-46.67
8,-46.67
8,-45.80
8,-40.88
8,-41.12
8,-41.36
8,-46.67
8,-45.80
8,-47.14
8,-41.87
8,-41.87
8,-39.38
8,-43.95
8,-47.14
8,-46.67
8,-43.62
8,-40.88
8,-40.65
8,-41.87
8,-47.14
8,-46.67
8,-44.64
8,-42.14
8,-41.87
8,-39.78
8,-45.01
8,-47.14
8,-45.40
8,-42.70
8,-41.12
8,-39.78
8,-41.62
8,-47.14
8,-47.14
8,-45.01
8,-41.87
8,-41.62
8,-39.78
8,-45.40
8,-45.40
8,-45.80
8,-43.00
8,-41.36
8,-40.42
8,-42.42
8,-47.14
8,-48.16
8,-46.67
8,-41.87
8,-41.36
8,-39.18
8,-45.01
8,-46.22
8,-45.80
8,-42.14
8,-40.65
8,-40.42
8,-43.30
8,-47.64
8,-46.67
8,-44.29
8,-40.65
8,-40.42
8,-40.42
8,-45.40
8,-47.14
8,-47.14
8,-42.42
8,-41.62
8,-39.99
8,-43.62
8,-48.16
8,-47.14
8,-44.29
8,-41.12
8,-40.65
8,-40.65
8,-45.80
8,-47.14
8,-45.80
8,-42.14
8,-41.12
8,-39.78
8,-43.95
8,-47.64
8,-46.67
8,-43.62
8,-41.36
8,-41.62
8,-41.62
8,-46.67
8,-48.16
8,-45.40
8,-46.22
8,-40.88
8,-39.78
8,-44.29
8,-48.16
8,-45.40
8,-43.00
8,-41.36
8,-39.99
8,-40.65
8,-46.67
8,-47.64
8,-45.40
8,-41.36
8,-40.88
8,-40.42
8,-45.80
8,-46.67
8,-47.14
8,-43.00
8,-40.65
8,-39.99
8,-40.88
8,-48.16
8,-46.67
8,-45.40
8,-43.62
8,-39.78
8,-39.78
8,inf
8,inf
8,inf
8,inf
8,inf
8,inf
8,inf
8,inf
8,-52.25
8,-55.34
8,-58.27
8,-49.97
8,-49.32
8,-46.67
8,-48.16
8,-48.72
8,-48.16
8,-48.16
8,-46.67
8,-45.80
8,-43.62
8,-43.95
8,-45.01
8,-48.16
8,-48.16
8,-46.67
8,-47.14
8,-45.80
8,-43.30
8,-46.67
8,-47.14
8,-45.80
8,-42.70
8,-45.40
8,-45.01
8,-47.14
8,-43.95
8,-42.14
8,-44.29
8,-44.64
8,-47.14
8,-42.70
8,-46.67
8,-45.40
8,-42.70
8,-44.29
8,-47.14
8,-43.62
8,-47.14
8,-42.14
8,-44.29
8,-40.88
8,-41.62
8,-42.14
8,-41.87
8,-45.01
8,-45.80
8,-45.80
8,-39.78
8,-45.80
8,-47.14
8,-47.14
8,-45.01
8,-43.30
8,-40.65
8,-41.62
8,-43.95
8,-43.95
8,-44.29
8,-44.29
8,-42.14
8,-41.36
8,-43.30
8,-45.80
8,-48.16
8,-45.80
8,-42.14
8,-43.00
8,-42.70
8,-43.30
8,-45.40
8,-45.01
8,-43.62
8,-41.87
8,-42.42
8,-44.29
8,-43.62
8,-48.16
8,-45.40
8,-42.70
8,-41.87
8,-41.36
8,-41.62
8,-48.16
8,-46.67
8,-44.64
8,-41.62
8,-42.14
8,-42.42
8,-43.30
8,-47.64
8,-46.22
8,-45.01
8,-42.70
8,-43.00
8,-41.62
8,-45.40
8,-44.29
8,-45.40
8,-39.99
8,-41.36
8,-43.00
8,-47.14
8,-46.22
8,-38.62
8,-45.40
8,-44.29
8,-42.70
8,-42.14
8,-48.16
8,-45.01
8,-41.36
8,-42.42
8,-41.36
8,-43.62
8,-44.29
8,-46.22
8,-45.01
8,-46.22
8,-39.78
8,-42.42
8,-42.42
8,-45.01
8,-45.80
8,-42.14
8,-43.30
8,-45.01
8,-42.42
8,-43.95
8,-45.40
8,-45.01
8,-43.62
8,-43.00
8,-46.22
8,-41.87
8,-45.40
8,-45.80
8,-43.00
8,-43.95
8,-42.70
8,-43.62
8,-48.16
8,-45.40
8,-45.40
8,-45.80
8,-42.42
8,-43.95
8,-43.00
8,-43.62
8,-42.70
8,-41.87
8,-42.14
8,-43.30
8,-41.62
8,-47.14
8,-45.40
8,-45.01
8,-45.40
8,-41.36
8,-43.62
8,-44.29
8,-45.40
8,-48.16
8,-44.64
8,-41.87
8,-43.95
8,-40.65
8,-43.95
8,-43.62
8,-40.88
8,-42.14
8,-42.70
8,-42.42
8,-43.00
9,-45.01
9,-45.40
9,-44.29
9,-40.65
9,-44.29
9,-42.42
9,-43.30
9,-45.01
9,-42.70
9,-39.99
9,-45.40
9,-43.30
9,-42.70
9,-48.16
9,-42.70
9,-42.14
9,-40.88
9,-42.14
9,-42.42
9,-46.67
9,-43.00
9,-44.64
9,-45.01
9,-42.42
9,-43.95
9,-45.40
9,-45.40
9,-46.67
9,-46.67
9,-41.87
9,-42.42
9,-42.14
9,-43.30
9,-46.22
9,-46.67
9,-40.88
9,-43.95
9,-44.64
9,-43.62
9,-45.80
9,-45.80
9,-42.70
9,-43.00
9,-45.80
9,-43.00
9,-48.16
9,-45.80
9,-41.87
9,-45.01
9,-43.00
9,-43.00
9,-45.80
9,-45.80
9,-43.00
9,-43.95
9,-42.42
9,-42.14
9,-45.80
9,-45.01
9,-43.00
9,-45.01
9,-42.42
9,-41.87
9,-45.01
9,-46.22
9,-43.95
9,-48.16
9,-41.87
9,-42.70
9,-43.30
9,-40.88
9,-44.29
9,-46.22
9,-42.70
9,-42.70
9,-43.00
9,-40.88
9,-45.40
9,-44.29
9,-42.14
9,-44.29
9,-43.00
9,-43.95
9,-45.01
9,-45.80
9,-43.00
9,-43.62
9,-43.00
9,-43.00
9,-41.87
9,-45.40
9,-41.62
9,-43.00
9,-42.14
9,-43.62
9,-42.14
9,-47.14
9,-48.72
9,-44.64
9,-43.62
9,-43.00
9,-43.62
9,-43.00
9,-46.22
9,-42.70
9,-43.95
9,-43.62
9,-39.78
9,-42.42
9,-45.01
9,-42.42
9,-41.36
9,-43.62
9,-40.42
9,-43.62
9,-45.01
9,-46.67
9,-46.22
9,-47.14
9,-42.70
9,-42.14
9,-45.01
9,-43.30
9,-46.67
9,-48.16
9,-43.62
9,-42.14
9,-43.95
9,-43.62
9,-44.29
9,-45.01
9,-43.62
9,-43.62
9,-45.01
9,-44.29
9,-43.00
9,-44.64
9,-43.00
9,-41.36
9,-41.62
9,-43.30
9,-43.62
9,-48.16
9,-48.16
9,-45.01
9,-42.42
9,-44.29
9,-43.62
9,-45.80
9,-48.16
9,-44.29
9,-42.70
9,-42.70
9,-43.62
9,-43.00
9,-46.22
9,-45.40
9,-41.62
9,-41.87
9,-42.42
9,-43.95
9,-47.14
9,-48.16
9,-44.29
9,-43.62
9,-45.01
9,-44.29
9,-45.40
9,-47.64
9,-46.67
9,-41.87
9,-41.87
9,-42.70
9,-40.65
9,-44.64
9,-44.64
9,-43.95
9,-42.70
9,-44.64
9,-44.29
9,-44.29
9,-48.16
9,-49.32
9,-48.16
9,-43.95
9,-43.00
9,-40.65
9,-42.14
9,-43.30
9,-41.62
9,-39.58
9,-42.42
9,-42.14
9,-42.42
9,-48.16
9,-43.62
9,-42.14
9,-45.01
9,-46.67
9,-45.01
9,-48.72
9,-47.14
9,-41.87
9,-42.14
9,-41.36
9,-38.80
9,-42.14
9,-42.14
9,-41.36
9,-42.14
9,-41.87
9,-41.87
9,-42.14
9,-45.40
9,-42.14
9,-45.40
9,-42.70
9,-44.29
9,-48.16
9,-48.16
9,-48.16
9,-48.16
9,-47.64
9,-43.62
9,-44.29
9,-42.42
9,-42.70
9,-43.95
9,-42.14
9,-43.95
9,-44.29
9,-42.70
9,-47.14
9,-48.16
9,-40.42
9,-44.29
9,-45.01
9,-42.42
9,-45.80
9,-43.62
9,-41.62
9,-41.62
9,-43.62
9,-41.12
9,-43.00
9,-43.30
9,-42.14
9,-41.62
9,-46.67
9,-43.95
9,-41.12
9,-42.42
9,-42.42
9,-43.30
9,-48.16
9,-48.16
9,-45.80
9,-45.40
9,-44.29
9,-43.95
9,-43.00
9,-46.67
9,-45.40
9,-41.87
9,-40.88
9,-42.14
9,-41.62
9,-41.87
9,-44.29
9,-43.95
9,-41.87
9,-42.14
9,-43.95
9,-46.22
9,-46.22
9,-47.14
9,-47.14
9,-43.62
9,-43.95
9,-45.01
9,-44.29
9,-42.14
9,-43.00
9,-43.62
9,-39.58
9,-40.88
9,-43.00
9,-45.40
9,-42.42
9,-43.30
9,-45.01
9,-42.42
9,-45.40
9,-45.40
9,-43.62
9,-41.62
9,-43.62
9,-42.14
9,-42.14
9,-42.70
9,-47.64
9,-45.80
9,-45.01
9,-44.29
9,-43.95
9,-42.70
9,-47.64
9,-50.66
9,-46.67
9,-45.40
9,-43.62
9,-41.36
9,-42.14
9,-46.22
9,-42.70
9,-42.42
9,-42.14
9,-41.62
9,-42.14
9,-43.00
9,-46.67
9,-43.62
9,-41.87
9,-41.36
9,-42.70
9,-43.62
9,-48.16
9,-45.80
9,-45.80
9,-41.62
9,-41.62
9,-43.62
9,-45.01
9,-45.01
9,-48.16
9,-43.62
9,-41.87
9,-42.14
9,-43.00
9,-47.64
9,-46.67
9,-43.00
9,-41.12
9,-42.42
9,-43.30
9,-45.80
9,-46.67
9,-45.40
9,-42.42
9,-43.95
9,-44.29
9,-44.64
9,-45.01
9,-43.95
9,-43.00
9,-41.12
9,-41.87
9,-41.87
9,-45.01
9,-45.80
9,-43.00
9,-41.36
9,-40.88
9,-43.62
9,-44.29
9,-46.22
9,-45.80
9,-47.14
9,-42.14
9,-44.29
9,-42.70
9,-46.22
9,-45.40
9,-43.00
9,-41.87
9,-41.62
9,-43.62
9,-47.14
9,-48.16
9,-46.22
9,-42.70
9,-41.87
9,-42.70
9,-44.64
10,-47.64
10,-45.80
10,-44.29
10,-41.87
10,-42.42
10,-43.00
10,-46.22
10,-47.64
10,-46.22
10,-44.29
10,-42.14
10,-42.42
10,-43.00
10,-47.64
10,-43.95
10,-46.22
10,-43.00
10,-43.00
10,-44.29
10,-46.22
10,-47.64
10,-46.67
10,-45.80
10,-40.42
10,-42.14
10,-41.87
10,-45.40
10,-44.29
10,-43.62
10,-41.62
10,-42.42
10,-42.70
10,-43.62
10,-48.16
10,-46.22
10,-43.62
10,-43.30
10,-44.29
10,-43.30
10,-47.14
10,-45.40
10,-43.62
10,-40.88
10,-42.14
10,-42.14
10,-47.64
10,-47.14
10,-44.29
10,-43.00
10,-42.42
10,-42.70
10,-44.29
10,-47.64
10,-47.64
10,-45.80
10,-43.62
10,-42.14
10,-43.00
10,-47.14
10,-48.72
10,-46.22
10,-44.29
10,-43.95
10,-45.40
10,-46.22
10,-48.16
10,-44.29
10,-42.42
10,-42.14
10,-42.70
10,-41.62
10,-45.01
10,-43.62
10,-42.14
10,-41.87
10,-41.36
10,-41.62
10,-45.80
10,-46.22
10,-45.01
10,-43.30
10,-41.36
10,-43.00
10,-42.42
10,-45.01
10,-48.16
10,-43.62
10,-44.29
10,-44.29
10,-42.70
10,-46.22
10,-49.32
10,-45.80
10,-46.67
10,-42.70
10,-42.42
10,-43.30
10,-43.95
10,-44.29
10,-43.62
10,-40.65
10,-41.87
10,-42.14
10,-45.40
10,-47.64
10,-43.95
10,-45.40
10,-43.00
10,-42.70
10,-43.95
10,-47.64
10,-46.67
10,-45.01
10,-42.42
10,-41.87
10,-42.70
10,-45.40
10,-45.80
10,-45.80
10,-43.62
10,-42.14
10,-41.12
10,-45.80
10,-47.64
10,-43.00
10,-43.62
10,-42.42
10,-44.29
10,-43.00
10,-47.64
10,-45.80
10,-45.40
10,-42.70
10,-43.00
10,-41.87
10,-43.00
10,-45.80
10,-45.01
10,-46.22
10,-41.62
10,-43.30
10,-42.14
10,-45.01
10,-43.95
10,-42.42
10,-40.88
10,-41.12
10,-41.87
10,-43.30
10,-47.14
10,-45.01
10,-43.30
10,-42.70
10,-45.40
10,-43.30
10,-47.14
10,-45.01
10,-43.00
10,-41.87
10,-42.42
10,-43.62
10,-44.29
10,-46.22
10,-44.64
10,-42.42
10,-40.88
10,-42.14
10,-43.62
10,-45.80
10,-45.40
10,-43.00
10,-40.65
10,-43.62
10,-43.00
10,-45.80
10,-45.80
10,-44.29
10,-43.62
10,-41.36
10,-43.00
10,-42.14
10,-47.14
10,-44.29
10,-43.95
10,-43.62
10,-43.00
10,-42.70
10,-46.22
10,-45.80
10,-43.95
10,-43.30
10,-42.42
10,-43.00
10,-43.00
10,-45.80
10,-45.01
10,-45.40
10,-42.42
10,-42.42
10,-43.00
10,-45.80
10,-46.67
10,-45.01
10,-43.62
10,-41.62
10,-42.70
10,-43.30
10,-46.67
10,-46.22
10,-44.29
10,-41.62
10,-43.00
10,-43.62
10,-46.22
10,-45.80
10,-45.40
10,-43.95
10,-42.70
10,-43.30
10,-43.62
10,-47.14
10,-45.40
10,-43.62
10,-43.62
10,-43.00
10,-43.95
10,-45.80
10,-48.16
10,-43.62
10,-43.00
10,-42.14
10,-43.95
10,-43.95
10,-45.80
10,-45.01
10,-45.40
10,-48.16
10,-45.40
10,-45.01
10,-42.14
10,-42.42
10,-42.70
10,-46.67
10,-45.80
10,-43.95
10,-41.87
10,-42.42
10,-42.70
10,-43.62
10,-48.16
10,-43.00
10,-43.00
10,-41.87
10,-43.30
10,-43.30
10,-47.14
10,-45.40
10,-43.00
10,-46.67
10,-42.42
10,-45.01
10,-42.70
10,-42.14
10,-43.00
10,-44.29
10,-45.80
10,-44.29
10,-43.00
10,-42.14
10,-43.62
10,-45.40
10,-47.14
10,-43.95
10,-45.01
10,-42.14
10,-43.95
10,-42.42
10,-44.29
10,-45.80
10,-45.40
10,-43.00
10,-42.42
10,-42.70
10,-45.01
10,-46.67
10,-45.01
10,-43.95
10,-42.14
10,-43.00
10,-42.70
10,-45.40
10,-45.40
10,-45.40
10,-43.00
10,-43.30
10,-42.70
10,-44.64
10,-45.40
10,-45.40
10,-43.62
10,-41.87
10,-43.00
10,-43.00
10,-47.64
10,-45.40
10,-44.29
10,-42.14
10,-43.00
10,-43.00
10,-45.80
10,-47.14
10,-45.80
10,-43.95
10,-41.62
10,-43.62
10,-43.00
10,-46.67
10,-46.22
10,-43.95
10,-42.70
10,-42.14
10,-42.14
10,-45.40
10,-45.40
10,-43.95
10,-43.95
10,-42.42
10,-42.42
10,-43.95
10,-47.14
10,-45.40
10,-45.01
10,-43.00
10,-43.00
10,-42.14
10,-44.29
10,-47.64
10,-45.01
10,-43.30
10,-42.42
10,-42.42
10,-43.95
10,-46.22
10,-43.62
10,-45.40
10,-42.42
10,-44.29
10,-41.12
10,-46.22
10,-47.14
10,-44.29
10,-42.14
10,-42.70
10,-43.00
10,-43.30
10,-45.80
10,-45.80
10,-43.00
10,-42.42
10,-42.70
10,-43.95
10,-49.32
10,-46.67
10,-44.64
10,-42.14
10,-41.62
10,-43.00
10,-43.95
10,-47.14
10,-43.95
10,-44.64
10,-42.42
10,-42.70
10,-45.01
10,-46.67
10,-45.40
10,-45.40
10,-42.14
10,-42.42
10,-42.42
11,-44.29
11,-47.14
11,-45.40
11,-43.95
11,-41.87
11,-43.00
11,-43.00
11,-47.14
11,-47.14
11,-43.95
11,-42.70
11,-42.70
11,-42.42
11,-45.40
11,-47.14
11,-43.95
11,-43.00
11,-42.14
11,-42.42
11,-43.62
11,-47.14
11,-45.80
11,-45.40
11,-43.95
11,-41.62
11,-42.42
11,-44.29
11,-46.67
11,-45.40
11,-43.00
11,-42.42
11,-42.70
11,-43.00
11,-44.64
11,-45.40
11,-43.62
11,-42.42
11,-42.70
11,-43.00
11,-46.22
11,-47.14
11,-45.40
11,-42.14
11,-42.14
11,-44.64
11,-43.95
11,-46.67
11,-45.40
11,-43.62
11,-42.42
11,-43.62
11,-43.62
11,-47.64
11,-46.67
11,-43.62
11,-41.36
11,-42.42
11,-43.00
11,-43.62
11,-45.80
11,-45.01
11,-43.95
11,-41.36
11,-42.42
11,-42.42
11,-45.40
11,-45.40
11,-45.01
11,-42.42
11,-41.87
11,-44.29
11,-47.14
11,-45.40
11,-43.95
11,-45.01
11,-42.42
11,-42.70
11,-43.95
11,-45.40
11,-46.22
11,-43.95
11,-42.14
11,-42.14
11,-43.00
11,-43.95
11,-45.01
11,-45.80
11,-44.29
11,-41.87
11,-42.70
11,-43.00
11,-43.30
11,-45.40
11,-47.14
11,-41.87
11,-41.87
11,-43.62
11,-45.40
11,-46.22
11,-45.01
11,-42.70
11,-42.14
11,-42.14
11,-43.00
11,-46.22
11,-45.40
11,-43.62
11,-42.70
11,-43.00
11,-43.00
11,-44.29
11,-45.40
11,-47.14
11,-43.62
11,-41.87
11,-42.42
11,-43.00
11,-46.67
11,-47.64
11,-43.95
11,-41.87
11,-43.00
11,-43.95
11,-41.62
11,-46.67
11,-43.95
11,-43.00
11,-42.70
11,-43.30
11,-43.00
11,-46.67
11,-45.01
11,-44.64
11,-43.00
11,-42.42
11,-42.70
11,-44.64
11,-45.40
11,-45.01
11,-43.30
11,-43.62
11,-43.00
11,-43.62
11,-46.22
11,-46.22
11,-43.62
11,-42.70
11,-42.42
11,-42.42
11,-45.01
11,-45.40
11,-44.64
11,-42.14
11,-42.70
11,-43.00
11,-43.62
11,-47.14
11,-45.01
11,-43.95
11,-42.14
11,-43.62
11,-43.62
11,-45.80
11,-45.80
11,-44.29
11,-42.70
11,-42.14
11,-43.00
11,-43.95
11,-46.67
11,-45.01
11,-45.80
11,-42.42
11,-42.14
11,-42.70
11,-46.22
11,-45.01
11,-44.64
11,-43.62
11,-42.14
11,-42.70
11,-45.01
11,-46.67
11,-44.29
11,-45.80
11,-42.14
11,-43.30
11,-43.62
11,-46.67
11,-45.01
11,-44.29
11,-42.14
11,-42.14
11,-43.95
11,-43.62
11,-45.80
11,-45.40
11,-43.30
11,-41.87
11,-43.95
11,-43.62
11,-45.40
11,-44.29
11,-43.95
11,-42.70
11,-42.70
11,-42.14
11,-45.40
11,-45.80
11,-46.22
11,-43.00
11,-42.14
11,-42.14
11,-43.62
11,-45.40
11,-46.22
11,-43.95
11,-43.00
11,-42.70
11,-43.62
11,-45.40
11,-45.80
11,-44.29
11,-43.62
11,-42.70
11,-43.00
11,-43.00
11,-45.80
11,-43.00
11,-44.29
11,-45.80
11,-43.30
11,-44.29
11,-45.40
11,-43.00
11,-43.30
11,-45.40
11,-45.80
11,-45.80
11,-43.00
11,-42.42
11,-42.14
11,-44.29
11,-46.22
11,-45.40
11,-43.95
11,-42.14
11,-42.70
11,-42.70
11,-45.40
11,-45.80
11,-45.80
11,-43.62
11,-43.00
11,-43.00
11,-43.30
11,-46.22
11,-44.29
11,-44.29
11,-43.00
11,-42.70
11,-42.14
11,-46.22
11,-46.22
11,-43.62
11,-41.87
11,-41.36
11,-44.29
11,-45.01
11,-46.67
11,-45.40
11,-43.62
11,-42.14
11,-42.14
11,-43.62
11,-46.67
11,-45.80
11,-45.01
11,-43.00
11,-42.42
11,-42.70
11,-44.29
11,-46.67
11,-45.40
11,-43.95
11,-42.42
11,-43.00
11,-43.62
11,-46.67
11,-46.67
11,-44.29
11,-39.78
11,-42.70
11,-43.00
11,-43.95
11,-45.80
11,-46.22
11,-43.00
11,-42.42
11,-43.00
11,-43.95
11,-45.80
11,-45.80
11,-45.01
11,-43.30
11,-42.70
11,-41.87
11,-46.67
11,-46.67
11,-43.95
11,-42.70
11,-42.42
11,-43.00
11,-44.29
11,-45.40
11,-43.62
11,-44.29
11,-41.36
11,-42.14
11,-42.70
11,-46.22
11,-46.67
11,-45.40
11,-42.42
11,-42.42
11,-43.30
11,-43.62
11,-47.14
11,-43.95
11,-45.80
11,-42.70
11,-42.70
11,-43.00
11,-46.67
11,-45.40
11,-45.80
11,-43.00
11,-43.00
11,-43.00
11,-45.80
11,-46.22
11,-43.95
11,-43.62
11,-42.70
11,-42.42
11,-43.62
11,-45.40
11,-46.67
11,-45.01
11,-42.14
11,-42.70
11,-42.14
11,-43.95
11,-45.01
11,-45.40
11,-43.95
11,-42.42
11,-41.87
11,-42.14
11,-45.40
11,-45.40
11,-43.00
11,-41.62
11,-42.14
11,-43.30
11,-44.64
11,-47.14
11,-45.01
11,-43.95
11,-42.42
11,-42.14
11,-42.42
11,-46.22
11,-45.40
11,-43.95
11,-43.30
11,-43.00
11,-42.42
11,-45.40
11,-46.67
11,-42.42
11,-43.30
11,-42.42
11,-43.62
12,-43.00
12,-46.67
12,-46.22
12,-45.01
12,-42.14
12,-43.00
12,-42.14
12,-46.67
12,-43.95
12,-45.01
12,-43.62
12,-42.70
12,-42.14
12,-43.95
12,-46.22
12,-44.29
12,-43.95
12,-42.42
12,-42.70
12,-43.62
12,-46.22
12,-45.80
12,-44.29
12,-42.14
12,-41.62
12,-43.00
12,-43.95
12,-46.67
12,-46.67
12,-43.62
12,-43.00
12,-43.00
12,-42.42
12,-46.67
12,-46.22
12,-43.95
12,-43.00
12,-42.14
12,-42.14
12,-44.29
12,-46.67
12,-45.80
12,-43.95
12,-42.14
12,-42.70
12,-43.00
12,-46.67
12,-45.80
12,-43.62
12,-41.87
12,-42.14
12,-43.95
12,-44.29
12,-45.80
12,-45.01
12,-43.30
12,-42.14
12,-42.70
12,-42.70
12,-45.80
12,-45.80
12,-44.29
12,-41.87
12,-41.62
12,-43.00
12,-45.40
12,-45.80
12,-46.22
12,-43.62
12,-41.62
12,-43.30
12,-42.42
12,-46.22
12,-46.22
12,-44.64
12,-43.00
12,-42.42
12,-42.70
12,-45.80
12,-45.80
12,-45.80
12,-43.62
12,-42.70
12,-42.70
12,-43.30
12,-46.22
12,-46.67
12,-45.80
12,-43.95
12,-42.42
12,-42.70
12,-47.14
12,-46.22
12,-44.64
12,-44.29
12,-43.00
12,-42.42
12,-42.70
12,-46.67
12,-45.80
12,-45.01
12,-43.00
12,-42.70
12,-41.36
12,-45.80
12,-47.14
12,-44.64
12,-42.70
12,-42.42
12,-44.29
12,-43.62
12,-46.67
12,-45.80
12,-42.70
12,-42.70
12,-42.42
12,-42.70
12,-43.30
12,-45.80
12,-45.01
12,-43.00
12,-42.14
12,-42.70
12,-43.62
12,-46.22
12,-45.40
12,-43.62
12,-42.14
12,-43.00
12,-43.62
12,-45.80
12,-45.80
12,-43.62
12,-43.62
12,-42.42
12,-43.00
12,-44.29
12,-47.14
12,-45.40
12,-45.01
12,-41.87
12,-42.70
12,-42.42
12,-45.40
12,-45.01
12,-43.95
12,-42.70
12,-42.14
12,-42.70
12,-45.01
12,-46.67
12,-45.40
12,-45.01
12,-42.70
12,-43.30
12,-42.70
12,-46.67
12,-46.67
12,-43.30
12,-43.00
12,-42.14
12,-42.42
12,-44.29
12,-45.80
12,-45.01
12,-43.00
12,-42.42
12,-42.14
12,-42.70
12,-46.67
12,-45.01
12,-43.62
12,-42.70
12,-42.70
12,-42.42
12,-45.01
12,-46.67
12,-45.40
12,-44.29
12,-41.87
12,-42.70
12,-44.29
12,-46.22
12,-45.40
12,-46.67
12,-41.87
12,-42.14
12,-42.70
12,-46.67
12,-46.67
12,-45.40
12,-44.29
12,-42.70
12,-43.62
12,-44.29
12,-48.16
12,-43.62
12,-43.95
12,-42.42
12,-43.62
12,-41.87
12,-45.80
12,-45.40
12,-45.01
12,-43.62
12,-42.42
12,-42.14
12,-42.70
12,-45.40
12,-45.80
12,-45.80
12,-43.00
12,-42.14
12,-42.14
12,-46.67
12,-45.80
12,-45.40
12,-46.67
12,-46.67
12,-44.64
12,-42.70
12,-41.87
12,-42.70
12,-43.62
12,-45.40
12,-45.80
12,-45.01
12,-42.70
12,-43.00
12,-42.70
12,-45.80
12,-46.22
12,-43.95
12,-43.00
12,-41.87
12,-42.42
12,-47.14
12,-43.95
12,-45.40
12,-44.29
12,-42.14
12,-42.14
12,-42.42
12,-46.22
12,-45.40
12,-45.80
12,-42.42
12,-42.42
12,-42.14
12,-46.67
12,-46.67
12,-45.01
12,-42.70
12,-42.42
12,-43.62
12,-43.62
12,-45.80
12,-45.80
12,-42.42
12,-43.30
12,-42.14
12,-42.14
12,-44.29
12,-45.80
12,-45.40
12,-43.62
12,-41.87
12,-43.00
12,-43.30
12,-45.80
12,-44.29
12,-45.01
12,-42.42
12,-43.00
12,-41.62
12,-45.80
12,-46.67
12,-45.40
12,-42.14
12,-42.14
12,-43.00
12,-43.95
12,-47.14
12,-44.29
12,-44.64
12,-42.14
12,-43.00
12,-42.14
12,-47.14
12,-46.67
12,-45.40
12,-43.62
12,-43.00
12,-43.62
12,-45.01
12,-47.64
12,-45.01
12,-43.62
12,-42.70
12,-42.14
12,-43.30
12,-46.67
12,-46.67
12,-44.64
12,-42.42
12,-42.14
12,-42.70
12,-43.95
12,-46.67
12,-44.29
12,-42.70
12,-42.14
12,-42.70
12,-43.30
12,-46.67
12,-43.95
12,-43.62
12,-43.00
12,-41.87
12,-43.00
12,-46.67
12,-47.14
12,-45.40
12,-43.95
12,-43.00
12,-42.70
12,-43.62
12,-47.14
12,-45.40
12,-43.95
12,-42.14
12,-42.70
12,-42.14
12,-45.80
12,-46.67
12,-43.95
12,-41.87
12,-42.42
12,-43.00
12,-45.01
12,-45.01
12,-47.14
12,-45.01
12,-42.14
12,-42.14
12,-42.70
12,-45.40
12,-45.80
12,-45.01
12,-42.42
12,-43.00
12,-43.62
12,-43.62
12,-47.14
12,-45.40
12,-43.95
12,-43.00
12,-42.42
12,-42.42
12,-46.67
12,-48.16
12,-44.64
12,-43.00
12,-42.14
12,-42.14
12,-43.62
12,-47.14
12,-43.95
12,-47.14
12,-42.70
12,-43.00
12,-43.62
12,-45.80
12,-46.67
12,-45.40
12,-43.00
12,-41.36
12,-42.42
12,-43.95
12,-48.16
12,-45.40
12,-43.95
12,-43.30
12,-42.42
13,-41.87
13,-46.67
13,-45.80
13,-45.40
13,-43.30
13,-42.14
13,-43.00
13,-45.01
13,-46.67
13,-45.80
13,-43.30
13,-43.00
13,-43.62
13,-43.00
13,-45.80
13,-47.14
13,-45.80
13,-42.14
13,-41.36
13,-42.14
13,-45.40
13,-46.22
13,-45.40
13,-43.00
13,-43.00
13,-43.00
13,-43.30
13,-45.80
13,-45.40
13,-45.40
13,-41.62
13,-42.70
13,-42.14
13,-44.29
13,-45.80
13,-46.22
13,-43.00
13,-42.70
13,-42.70
13,-43.62
13,-47.14
13,-45.40
13,-45.40
13,-42.42
13,-42.14
13,-42.70
13,-45.80
13,-46.22
13,-45.40
13,-41.62
13,-41.12
13,-43.95
13,-43.00
13,-46.22
13,-46.67
13,-43.95
13,-41.36
13,-41.87
13,-42.14
13,-45.40
13,-45.80
13,-45.40
13,-43.00
13,-42.42
13,-42.14
13,-43.30
13,-45.01
13,-45.80
13,-45.40
13,-41.87
13,-42.42
13,-42.70
13,-46.67
13,-46.67
13,-46.67
13,-42.42
13,-42.14
13,-41.62
13,-44.29
13,-47.64
13,-45.80
13,-45.40
13,-41.87
13,-44.64
13,-41.87
13,-46.22
13,-45.01
13,-43.95
13,-42.70
13,-42.70
13,-42.14
13,-45.40
13,-47.64
13,-45.40
13,-43.95
13,-41.62
13,-42.14
13,-42.42
13,-47.14
13,-46.22
13,-44.64
13,-42.14
13,-41.87
13,-42.42
13,-45.01
13,-43.95
13,-45.40
13,-42.70
13,-43.00
13,-42.70
13,-43.95
13,-46.67
13,-45.40
13,-45.01
13,-41.87
13,-41.87
13,-42.14
13,-45.80
13,-47.14
13,-45.40
13,-43.00
13,-43.00
13,-42.70
13,-43.62
13,-45.40
13,-48.16
13,-45.40
13,-42.42
13,-41.62
13,-43.00
13,-46.22
13,-45.40
13,-45.40
13,-41.87
13,-42.14
13,-42.70
13,-43.62
13,-46.22
13,-46.67
13,-45.01
13,-42.42
13,-43.00
13,-43.30
13,-45.80
13,-45.80
13,-43.95
13,-43.62
13,-42.42
13,-42.14
13,-45.01
13,-45.80
13,-45.80
13,-45.01
13,-42.14
13,-46.67
13,-42.42
13,-47.64
13,-45.40
13,-43.95
13,-42.70
13,-42.70
13,-42.42
13,-43.95
13,-45.01
13,-48.16
13,-43.30
13,-40.20
13,-43.00
13,-42.70
13,-46.67
13,-45.80
13,-45.01
13,-42.42
13,-41.62
13,-43.00
13,-44.64
13,-47.14
13,-45.01
13,-43.62
13,-42.14
13,-41.87
13,-42.14
13,-46.67
13,-45.80
13,-45.01
13,-43.30
13,-42.42
13,-42.70
13,-44.29
13,-46.67
13,-45.40
13,-43.95
13,-42.14
13,-42.70
13,-43.30
13,-45.80
13,-45.01
13,-45.80
13,-42.14
13,-41.87
13,-42.42
13,-43.95
13,-46.67
13,-45.40
13,-43.30
13,-47.14
13,-45.40
13,-43.95
13,-42.70
13,-42.14
13,-44.29
13,-47.14
13,-48.16
13,-44.64
13,-40.88
13,-42.70
13,-42.14
13,-45.80
13,-45.40
13,-45.01
13,-42.70
13,-42.14
13,-42.42
13,-43.95
13,-46.22
13,-44.64
13,-43.95
13,-41.87
13,-43.30
13,-42.14
13,-46.67
13,-46.22
13,-44.29
13,-43.62
13,-41.62
13,-42.70
13,-43.62
13,-45.80
13,-45.80
13,-43.00
13,-42.42
13,-43.00
13,-42.70
13,-46.22
13,-45.80
13,-45.40
13,-42.14
13,-42.42
13,-43.30
13,-44.64
13,-45.80
13,-45.40
13,-43.62
13,-41.87
13,-42.42
13,-42.70
13,-47.14
13,-47.64
13,-44.29
13,-43.30
13,-41.87
13,-43.00
13,-44.64
13,-45.80
13,-45.01
13,-43.30
13,-41.87
13,-42.14
13,-43.00
13,-45.80
13,-47.14
13,-46.22
13,-41.87
13,-41.87
13,-42.14
13,-45.80
13,-45.80
13,-45.01
13,-43.95
13,-42.14
13,-42.42
13,-42.70
13,-47.14
13,-43.95
13,-45.01
13,-41.62
13,-42.70
13,-42.70
13,-45.40
13,-45.80
13,-45.40
13,-42.70
13,-42.70
13,-42.70
13,-43.95
13,-47.14
13,-45.80
13,-46.67
13,-42.42
13,-42.70
13,-42.70
13,-45.40
13,-45.80
13,-45.80
13,-43.62
13,-42.14
13,-43.00
13,-43.95
13,-45.80
13,-45.80
13,-45.80
13,-42.70
13,-42.14
13,-42.42
13,-45.01
13,-48.16
13,-43.62
13,-43.00
13,-43.00
13,-43.00
13,-43.95
13,-48.16
13,-45.40
13,-44.29
13,-42.14
13,-41.36
13,-42.42
13,-46.67
13,-47.64
13,-47.64
13,-42.70
13,-41.87
13,-41.36
13,-45.01
13,-44.29
13,-45.01
13,-43.95
13,-42.42
13,-43.00
13,-42.42
13,-47.14
13,-47.14
13,-44.29
13,-42.42
13,-42.14
13,-43.30
13,-44.64
13,-47.14
13,-45.40
13,-43.00
13,-41.87
13,-42.42
13,-42.14
13,-45.80
13,-47.14
13,-45.01
13,-43.00
13,-42.70
13,-42.14
13,-45.01
13,-46.67
13,-46.67
13,-43.62
13,-41.62
13,-42.70
13,-43.00
13,-46.22
13,-46.67
13,-45.01
13,-43.62
13,-42.14
13,-42.42
13,-43.62
13,-47.64
13,-45.80
13,-44.29
13,-43.62
13,-41.87
13,-43.00
13,-47.64
13,-46.22
13,-46.22
13,-42.14
13,-42.14
14,-42.70
14,-45.80
14,-45.80
14,-44.29
14,-43.95
14,-42.14
14,-42.14
14,-43.00
14,-47.64
14,-45.40
14,-44.29
14,-42.70
14,-41.62
14,-43.00
14,-46.67
14,-45.01
14,-43.95
14,-42.70
14,-42.42
14,-42.70
14,-44.64
14,-53.16
14,-43.95
14,-45.40
14,-41.62
14,-42.42
14,-42.42
14,-44.64
14,-45.40
14,-46.67
14,-41.87
14,-42.14
14,-42.70
14,-44.29
14,-47.64
14,-45.01
14,-43.62
14,-41.87
14,-42.42
14,-41.62
14,-46.67
14,-45.80
14,-45.80
14,-42.70
14,-43.62
14,-42.70
14,-45.40
14,-46.22
14,-44.64
14,-43.95
14,-42.14
14,-42.42
14,-42.70
14,-46.22
14,-47.14
14,-44.29
14,-42.42
14,-42.14
14,-42.14
14,-45.40
14,-45.80
14,-45.40
14,-42.70
14,-42.14
14,-42.42
14,-42.70
14,-47.14
14,-44.29
14,-44.29
14,-42.14
14,-42.70
14,-42.42
14,-47.64
14,-46.22
14,-44.64
14,-41.87
14,-42.14
14,-42.70
14,-43.95
14,-46.22
14,-46.67
14,-44.64
14,-42.42
14,-43.00
14,-42.14
14,-44.64
14,-45.80
14,-45.80
14,-42.14
14,-42.42
14,-43.00
14,-43.95
14,-47.14
14,-46.22
14,-45.01
14,-42.14
14,-42.70
14,-43.62
14,-45.80
14,-47.64
14,-45.40
14,-42.42
14,-42.14
14,-43.00
14,-44.29
14,-45.80
14,-48.16
14,-46.22
14,-43.00
14,-43.30
14,-41.62
14,-45.80
14,-47.64
14,-45.80
14,-42.42
14,-41.36
14,-43.00
14,-44.29
14,-46.67
14,-45.80
14,-44.29
14,-42.14
14,-42.42
14,-43.00
14,-47.14
14,-45.01
14,-44.29
14,-43.30
14,-43.00
14,-41.87
14,-45.01
14,-46.67
14,-45.80
14,-43.30
14,-42.14
14,-43.95
14,-43.00
14,-45.80
14,-46.67
14,-44.64
14,-41.62
14,-42.70
14,-41.87
14,-45.40
14,-47.14
14,-45.40
14,-43.95
14,-42.70
14,-43.00
14,-42.42
14,-46.67
14,-46.67
14,-45.80
14,-41.87
14,-42.70
14,-41.87
14,-43.62
14,-47.14
14,-46.22
14,-42.42
14,-42.42
14,-43.00
14,-43.00
14,-47.64
14,-45.40
14,-44.64
14,-41.87
14,-42.14
14,-42.42
14,-46.22
14,-46.67
14,-46.67
14,-42.42
14,-42.14
14,-42.70
14,-44.29
14,-45.80
14,-45.40
14,-45.40
14,-42.14
14,-43.30
14,-41.87
14,-45.80
14,-46.22
14,-46.22
14,-42.42
14,-42.42
14,-42.14
14,-45.40
14,-46.67
14,-46.22
14,-43.30
14,-42.14
14,-45.01
14,-44.64
14,-41.87
14,-42.42
14,-42.14
14,-45.01
14,-46.22
14,-45.80
14,-41.87
14,-41.62
14,-42.42
14,-43.95
14,-45.01
14,-46.22
14,-43.95
14,-42.14
14,-42.70
14,-42.42
14,-47.14
14,-46.67
14,-45.01
14,-42.14
14,-43.00
14,-42.70
14,-45.40
14,-45.80
14,-43.62
14,-42.70
14,-42.14
14,-43.00
14,-42.42
14,-46.67
14,-47.14
14,-45.40
14,-43.62
14,-42.14
14,-42.70
14,-46.22
14,-45.80
14,-45.01
14,-43.30
14,-42.14
14,-42.70
14,-42.42
14,-45.80
14,-45.40
14,-45.01
14,-41.87
14,-42.14
14,-41.87
14,-46.67
14,-47.64
14,-45.40
14,-43.95
14,-42.70
14,-42.70
14,-43.95
14,-48.72
14,-46.67
14,-45.01
14,-42.70
14,-42.14
14,-41.87
14,-46.67
14,-45.40
14,-45.80
14,-43.62
14,-41.36
14,-42.42
14,-43.95
14,-46.22
14,-46.67
14,-45.40
14,-42.42
14,-42.14
14,-40.88
14,-45.40
14,-46.22
14,-44.64
14,-42.42
14,-42.70
14,-42.42
14,-43.00
14,-45.80
14,-46.22
14,-43.95
14,-41.62
14,-42.14
14,-43.30
14,-47.14
14,-43.30
14,-46.22
14,-42.14
14,-42.42
14,-42.14
14,-45.01
14,-45.80
14,-45.40
14,-43.00
14,-42.14
14,-41.87
14,-43.00
14,-47.64
14,-45.80
14,-45.40
14,-42.70
14,-42.70
14,-41.87
14,-43.95
14,-48.16
14,-45.40
14,-43.30
14,-42.42
14,-41.87
14,-42.70
14,-46.22
14,-47.64
14,-45.40
14,-42.14
14,-43.00
14,-42.42
14,-45.40
14,-45.80
14,-44.29
14,-43.62
14,-42.70
14,-43.00
14,-43.00
14,-47.64
14,-47.14
14,-45.01
14,-41.87
14,-42.70
14,-43.00
14,-48.16
14,-46.67
14,-45.80
14,-42.70
14,-42.70
14,-43.30
14,-43.62
14,-47.64
14,-46.22
14,-44.64
14,-43.00
14,-43.62
14,-43.30
14,-46.67
14,-46.67
14,-45.80
14,-43.30
14,-43.00
14,-45.01
14,-43.62
14,-47.14
14,-45.40
14,-44.29
14,-42.70
14,-41.62
14,-42.42
14,-45.40
14,-46.22
14,-45.80
14,-42.70
14,-42.42
14,-42.42
14,-43.62
14,-46.67
14,-45.40
14,-45.01
14,-41.87
14,-42.42
14,-42.14
14,-45.40
14,-47.14
14,-47.14
14,-42.42
14,-42.14
14,-42.70
14,-44.64
14,-46.22
14,-44.64
14,-45.40
14,-42.14
14,-42.42
14,-43.00
14,-46.22
14,-47.14
14,-45.80
14,-42.42
14,-42.14
15,-42.70
15,-45.40
15,-47.14
15,-46.67
15,-43.00
15,-42.14
15,-42.14
15,-43.00
15,-47.64
15,-45.01
15,-43.62
15,-45.01
15,-42.70
15,-41.87
15,-45.80
15,-47.14
15,-45.01
15,-43.95
15,-42.42
15,-42.14
15,-43.00
15,-47.14
15,-46.67
15,-43.62
15,-42.14
15,-42.70
15,-41.36
15,-48.16
15,-45.80
15,-45.01
15,-43.62
15,-42.70
15,-42.14
15,-43.00
15,-46.67
15,-47.14
15,-46.22
15,-43.00
15,-42.14
15,-42.42
15,-46.67
15,-45.01
15,-44.64
15,-42.42
15,-42.14
15,-42.14
15,-45.01
15,-46.67
15,-46.67
15,-44.29
15,-42.14
15,-41.62
15,-42.70
15,-47.14
15,-45.40
15,-44.29
15,-42.14
15,-42.42
15,-42.42
15,-44.64
15,-45.40
15,-46.67
15,-43.62
15,-43.00
15,-42.14
15,-43.00
15,-45.80
15,-46.67
15,-47.14
15,-42.14
15,-42.42
15,-42.42
15,-45.40
15,-47.14
15,-43.95
15,-44.64
15,-43.00
15,-42.42
15,-42.14
15,-47.64
15,-46.67
15,-44.64
15,-43.00
15,-41.36
15,-41.87
15,-45.01
15,-45.80
15,-45.80
15,-43.62
15,-42.42
15,-42.70
15,-42.14
15,-45.80
15,-45.80
15,-45.01
15,-42.42
15,-42.42
15,-42.70
15,-45.01
15,-45.80
15,-46.22
15,-44.29
15,-41.62
15,-42.70
15,-45.01
15,-45.80
15,-46.22
15,-45.40
15,-42.42
15,-42.70
15,-42.14
15,-45.40
15,-46.67
15,-45.01
15,-44.64
15,-40.65
15,-42.42
15,-42.70
15,-46.67
15,-45.80
15,-45.01
15,-42.42
15,-42.70
15,-41.87
15,-45.80
15,-45.80
15,-45.40
15,-42.14
15,-41.87
15,-41.87
15,-43.95
15,-47.64
15,-45.40
15,-45.01
15,-42.42
15,-42.42
15,-42.14
15,-46.67
15,-47.64
15,-45.01
15,-43.62
15,-43.00
15,-41.87
15,-43.95
15,-45.80
15,-45.40
15,-45.01
15,-41.87
15,-42.14
15,-41.87
15,-45.40
15,-46.22
15,-46.22
15,-44.29
15,-45.01
15,-42.70
15,-44.29
15,-47.14
15,-45.80
15,-43.62
15,-41.87
15,-42.14
15,-44.29
15,-45.80
15,-46.22
15,-45.80
15,-41.87
15,-42.14
15,-42.70
15,-45.40
15,-46.67
15,-46.67
15,-44.64
15,-41.62
15,-42.42
15,-43.62
15,-47.14
15,-46.67
15,-46.22
15,-43.00
15,-41.87
15,-41.36
15,-42.70
15,-43.00
15,-41.87
15,-46.67
15,-47.64
15,-45.40
15,-43.30
15,-42.70
15,-43.00
15,-42.42
15,-46.67
15,-47.64
15,-43.62
15,-42.70
15,-43.30
15,-42.14
15,-45.01
15,-48.16
15,-45.40
15,-43.00
15,-42.14
15,-42.14
15,-43.95
15,-46.67
15,-47.64
15,-44.64
15,-42.42
15,-42.42
15,-42.42
15,-45.40
15,-46.67
15,-45.80
15,-43.00
15,-42.42
15,-42.70
15,-44.29
15,-46.22
15,-43.95
15,-43.62
15,-42.14
15,-42.14
15,-41.87
15,-45.40
15,-45.01
15,-44.29
15,-43.30
15,-43.00
15,-41.62
15,-45.40
15,-48.16
15,-47.64
15,-44.29
15,-42.70
15,-42.14
15,-43.00
15,-47.64
15,-46.67
15,-44.29
15,-43.00
15,-42.14
15,-41.87
15,-44.64
15,-47.64
15,-45.01
15,-43.30
15,-42.14
15,-42.42
15,-42.14
15,-47.14
15,-45.01
15,-43.95
15,-42.42
15,-42.14
15,-42.14
15,-43.30
15,-45.80
15,-45.80
15,-43.30
15,-42.14
15,-42.14
15,-43.30
15,-47.14
15,-45.80
15,-44.64
15,-42.14
15,-41.87
15,-42.42
15,-44.64
15,-46.67
15,-45.01
15,-44.29
15,-42.14
15,-44.29
15,-43.00
15,-48.16
15,-46.22
15,-45.40
15,-42.42
15,-41.87
15,-42.70
15,-45.80
15,-47.14
15,-45.80
15,-43.30
15,-43.00
15,-43.00
15,-43.62
15,-46.67
15,-47.64
15,-43.30
15,-41.87
15,-42.70
15,-43.95
15,-45.80
15,-45.40
15,-45.40
15,-43.30
15,-41.62
15,-41.62
15,-44.29
15,-45.80
15,-45.80
15,-46.22
15,-42.14
15,-42.14
15,-43.00
15,-46.67
15,-46.22
15,-46.67
15,-42.42
15,-41.87
15,-42.14
15,-46.22
15,-47.14
15,-44.64
15,-44.29
15,-41.62
15,-41.87
15,-41.36
15,-46.67
15,-46.67
15,-45.40
15,-43.30
15,-41.87
15,-41.87
15,-45.40
15,-47.14
15,-46.67
15,-43.30
15,-42.14
15,-42.70
15,-42.14
15,-47.14
15,-45.80
15,-46.67
15,-41.62
15,-42.70
15,-43.30
15,-41.36
15,-45.80
15,-45.01
15,-43.95
15,-41.62
15,-41.87
15,-42.42
15,-47.64
15,-45.80
15,-45.40
15,-42.42
15,-42.14
15,-41.12
15,-46.22
15,-45.40
15,-43.95
15,-43.95
15,-42.42
15,-42.14
15,-43.30
15,-47.14
15,-45.80
15,-45.40
15,-41.36
15,-42.70
15,-42.70
15,-45.01
15,-47.14
15,-45.40
15,-44.29
15,-42.14
15,-42.14
15,-43.62
15,-46.67
15,-46.22
15,-45.01
15,-42.14
15,-42.70
15,-42.70
15,-45.40
15,-46.22
15,-45.01
15,-43.30
16,-42.42
16,-42.14
16,-43.62
16,-45.40
16,-45.80
16,-45.40
16,-48.16
16,-46.67
16,-43.95
16,-41.62
16,-41.87
16,-42.42
16,-46.67
16,-45.40
16,-45.80
16,-43.00
16,-41.87
16,-40.65
16,-44.64
16,-46.67
16,-45.40
16,-44.29
16,-40.88
16,-41.62
16,-41.87
16,-45.01
16,-46.67
16,-46.22
16,-42.14
16,-42.14
16,-41.87
16,-44.64
16,-47.64
16,-46.67
16,-43.95
16,-42.42
16,-42.14
16,-43.00
16,-47.14
16,-44.64
16,-45.80
16,-42.14
16,-41.87
16,-41.87
16,-44.29
16,-46.67
16,-47.14
16,-43.62
16,-42.14
16,-42.14
16,-42.14
16,-46.67
16,-45.40
16,-45.40
16,-43.00
16,-42.14
16,-42.14
16,-45.40
16,-46.22
16,-44.64
16,-43.62
16,-41.62
16,-42.70
16,-43.00
16,-46.67
16,-45.01
16,-45.01
16,-42.14
16,-42.14
16,-42.14
16,-45.80
16,-45.80
16,-45.01
16,-42.70
16,-42.42
16,-41.36
16,-43.30
16,-46.67
16,-45.40
16,-45.01
16,-43.00
16,-42.42
16,-42.70
16,-46.67
16,-46.67
16,-47.14
16,-42.42
16,-42.14
16,-42.42
16,-45.01
16,-46.67
16,-45.01
16,-45.01
16,-42.42
16,-42.70
16,-42.42
16,-45.80
16,-46.67
16,-46.67
16,-42.42
16,-42.42
16,-41.87
16,-45.80
16,-47.64
16,-46.22
16,-45.40
16,-42.14
16,-41.62
16,-42.14
16,-46.22
16,-47.64
16,-45.40
16,-42.70
16,-42.42
16,-41.87
16,-44.29
16,-47.14
16,-46.67
16,-43.00
16,-42.14
16,-41.87
16,-43.00
16,-46.22
16,-47.64
16,-46.67
16,-42.14
16,-42.14
16,-42.70
16,-46.22
16,-45.80
16,-46.22
16,-43.62
16,-41.12
16,-42.42
16,-43.00
16,-46.67
16,-46.22
16,-45.80
16,-42.70
16,-40.88
16,-41.12
16,-45.80
16,-48.16
16,-45.80
16,-42.14
16,-41.62
16,-42.70
16,-42.70
16,-46.67
16,-45.80
16,-44.29
16,-42.42
16,-41.36
16,-41.87
16,-45.01
16,-47.14
16,-45.80
16,-43.62
16,-41.87
16,-41.62
16,-43.95
16,-47.14
16,-45.40
16,-44.29
16,-42.14
16,-42.14
16,-42.14
16,-45.40
16,-47.64
16,-45.80
16,-46.67
16,-48.16
16,-43.95
16,-43.62
16,-42.14
16,-39.78
16,-45.40
16,-47.14
16,-47.14
16,-44.29
16,-41.62
16,-43.30
16,-42.14
16,-45.80
16,-46.67
16,-45.01
16,-42.70
16,-42.70
16,-45.80
16,-45.01
16,-47.64
16,-45.40
16,-43.95
16,-41.36
16,-41.36
16,-43.00
16,-46.67
16,-47.64
16,-45.80
16,-43.30
16,-42.70
16,-42.42
16,-43.00
16,-48.16
16,-45.40
16,-43.62
16,-41.36
16,-41.87
16,-42.42
16,-45.40
16,-45.40
16,-45.40
16,-41.87
16,-42.14
16,-41.87
16,-45.40
16,-46.67
16,-45.80
16,-43.95
16,-42.14
16,-42.42
16,-43.00
16,-45.80
16,-47.14
16,-46.22
16,-42.42
16,-42.70
16,-41.12
16,-46.67
16,-47.14
16,-45.40
16,-43.00
16,-42.14
16,-41.36
16,-43.30
16,-45.40
16,-47.64
16,-45.40
16,-42.14
16,-41.62
16,-41.62
16,-44.29
16,-45.40
16,-44.29
16,-42.70
16,-41.87
16,-41.62
16,-43.30
16,-48.16
16,-45.80
16,-44.29
16,-41.62
16,-41.36
16,-42.42
16,-45.80
16,-46.22
16,-45.40
16,-42.14
16,-42.42
16,-42.14
16,-43.30
16,-44.64
16,-47.14
16,-44.29
16,-42.70
16,-41.36
16,-43.00
16,-46.67
16,-46.22
16,-45.40
16,-42.42
16,-42.14
16,-41.12
16,-44.29
16,-47.14
16,-46.22
16,-43.62
16,-42.14
16,-41.62
16,-42.70
16,-45.80
16,-45.80
16,-44.29
16,-42.70
16,-42.70
16,-41.87
16,-45.40
16,-48.16
16,-45.40
16,-43.30
16,-42.14
16,-42.42
16,-42.70
16,-47.14
16,-45.40
16,-46.67
16,-42.70
16,-42.42
16,-40.88
16,-43.95
16,-45.80
16,-45.01
16,-43.62
16,-41.87
16,-41.36
16,-43.62
16,-47.14
16,-46.67
16,-46.67
16,-42.42
16,-41.36
16,-41.12
16,-45.40
16,-46.67
16,-46.67
16,-43.00
16,-42.14
16,-41.12
16,-42.42
16,-47.14
16,-47.14
16,-47.14
16,-41.87
16,-41.36
16,-40.88
16,-45.80
16,-46.22
16,-45.80
16,-43.62
16,-41.62
16,-41.62
16,-43.00
16,-47.64
16,-47.64
16,-43.95
16,-42.42
16,-42.14
16,-40.65
16,-47.64
16,-46.67
16,-45.80
16,-43.00
16,-42.14
16,-41.62
16,-43.00
16,-46.22
16,-45.80
16,-45.80
16,-42.70
16,-41.87
16,-41.87
16,-45.40
16,-48.16
16,-45.40
16,-42.42
16,-41.87
16,-41.62
16,-45.40
16,-45.80
16,-47.14
16,-45.80
16,-43.00
16,-42.70
16,-42.70
16,-45.80
16,-47.64
16,-44.29
16,-43.00
16,-42.14
16,-43.00
16,-43.95
16,-45.80
16,-47.14
16,-43.00
16,-42.14
16,-41.36
16,-42.42
16,-45.80
16,-46.67
16,-47.64
16,-42.42
17,-41.87
17,-41.62
17,-45.40
17,-47.14
17,-46.67
17,-45.01
17,-41.62
17,-41.87
17,-42.14
17,-45.80
17,-46.67
17,-46.22
17,-42.14
17,-41.87
17,-41.62
17,-45.80
17,-45.01
17,-45.40
17,-43.95
17,-42.42
17,-42.70
17,-43.00
17,-46.67
17,-47.14
17,-45.40
17,-41.87
17,-41.87
17,-41.87
17,-45.40
17,-45.40
17,-46.22
17,-43.95
17,-41.62
17,-41.62
17,-43.30
17,-45.01
17,-45.40
17,-44.29
17,-42.70
17,-41.87
17,-41.36
17,-46.67
17,-47.14
17,-46.67
17,-43.62
17,-41.62
17,-41.87
17,-45.01
17,-46.67
17,-45.80
17,-45.01
17,-42.42
17,-43.62
17,-40.65
17,-45.40
17,-47.64
17,-47.14
17,-42.42
17,-42.42
17,-40.65
17,-43.62
17,-47.14
17,-45.40
17,-45.01
17,-41.87
17,-42.14
17,-41.87
17,-46.67
17,-47.64
17,-47.14
17,-42.70
17,-41.87
17,-41.12
17,-45.40
17,-47.64
17,-44.29
17,-44.29
17,-42.70
17,-41.62
17,-41.87
17,-46.22
17,-47.64
17,-45.80
17,-42.14
17,-41.87
17,-41.36
17,-42.70
17,-45.80
17,-45.80
17,-42.14
17,-42.14
17,-42.14
17,-42.14
17,-47.64
17,-45.80
17,-45.01
17,-42.14
17,-41.87
17,-41.87
17,-45.80
17,-45.80
17,-46.67
17,-42.42
17,-42.42
17,-41.62
17,-43.30
17,-47.64
17,-46.67
17,-43.95
17,-42.42
17,-42.42
17,-41.87
17,-46.67
17,-48.16
17,-45.40
17,-43.00
17,-42.42
17,-41.12
17,-43.62
17,-46.67
17,-47.14
17,-45.01
17,-42.42
17,-42.42
17,-41.87
17,-46.22
17,-47.14
17,-46.22
17,-42.14
17,-41.36
17,-41.87
17,-43.95
17,-45.40
17,-46.67
17,-43.95
17,-42.42
17,-43.95
17,-42.70
17,-47.14
17,-47.14
17,-46.67
17,-42.42
17,-42.42
17,-41.36
17,-45.40
17,-47.14
17,-46.67
17,-43.30
17,-41.87
17,-43.00
17,-43.00
17,-47.64
17,-45.80
17,-46.67
17,-43.30
17,-41.87
17,-40.88
17,-46.22
17,-45.80
17,-45.40
17,-43.30
17,-42.14
17,-48.16
17,-43.00
17,-43.00
17,-41.36
17,-43.62
17,-47.64
17,-46.22
17,-45.80
17,-43.00
17,-42.70
17,-41.87
17,-45.40
17,-45.80
17,-47.14
17,-41.62
17,-42.14
17,-41.87
17,-45.01
17,-47.14
17,-45.80
17,-44.29
17,-42.70
17,-42.14
17,-42.42
17,-45.40
17,-47.14
17,-45.01
17,-43.00
17,-42.14
17,-41.87
17,-43.62
17,-47.14
17,-47.14
17,-43.95
17,-41.87
17,-42.14
17,-43.00
17,-46.67
17,-48.16
17,-45.80
17,-42.42
17,-42.14
17,-43.00
17,-43.95
17,-45.40
17,-47.64
17,-43.62
17,-42.14
17,-42.14
17,-42.70
17,-46.67
17,-45.40
17,-45.40
17,-43.62
17,-42.70
17,-42.42
17,-43.62
17,-46.67
17,-45.40
17,-45.01
17,-42.14
17,-42.14
17,-42.42
17,-44.29
17,-45.80
17,-45.80
17,-42.70
17,-42.14
17,-42.70
17,-45.40
17,-45.01
17,-46.67
17,-43.62
17,-42.14
17,-42.42
17,-42.70
17,-47.64
17,-45.40
17,-45.40
17,-41.87
17,-42.70
17,-41.62
17,-45.01
17,-47.14
17,-45.40
17,-43.00
17,-41.62
17,-42.42
17,-43.95
17,-45.80
17,-45.80
17,-45.40
17,-42.70
17,-42.14
17,-42.42
17,-47.64
17,-46.67
17,-45.80
17,-42.42
17,-43.30
17,-41.62
17,-45.01
17,-47.14
17,-46.22
17,-44.29
17,-42.14
17,-42.70
17,-41.87
17,-44.29
17,-45.80
17,-45.80
17,-43.00
17,-42.14
17,-42.14
17,-44.29
17,-46.67
17,-45.40
17,-42.70
17,-41.87
17,-42.42
17,-42.14
17,-45.40
17,-47.14
17,-45.80
17,-43.00
17,-41.62
17,-43.00
17,-46.67
17,-45.80
17,-45.40
17,-43.95
17,-42.14
17,-42.42
17,-42.42
17,-46.22
17,-47.64
17,-45.01
17,-43.62
17,-42.14
17,-42.14
17,-45.40
17,-47.14
17,-45.40
17,-42.70
17,-42.14
17,-42.70
17,-43.00
17,-46.67
17,-46.22
17,-45.01
17,-42.70
17,-42.14
17,-41.62
17,-45.80
17,-46.67
17,-45.01
17,-42.70
17,-42.70
17,-40.88
17,-43.95
17,-46.67
17,-46.67
17,-45.01
17,-42.42
17,-42.42
17,-41.62
17,-45.40
17,-47.14
17,-47.14
17,-42.70
17,-42.14
17,-42.42
17,-43.95
17,-46.67
17,-45.40
17,-46.22
17,-42.14
17,-41.87
17,-42.14
17,-45.80
17,-47.14
17,-46.22
17,-43.30
17,-42.14
17,-42.70
17,-43.95
17,-47.64
17,-48.16
17,-44.29
17,-42.14
17,-42.42
17,-41.62
17,-45.80
17,-47.64
17,-45.40
17,-41.87
17,-41.87
17,-42.14
17,-43.95
17,-46.67
17,-45.01
17,-45.01
17,-42.70
17,-42.14
17,-41.87
17,-44.64
17,-46.67
17,-45.40
17,-42.14
17,-42.70
17,-41.62
17,-45.01
17,-48.16
17,-47.64
17,-43.00
17,-43.30
17,-42.42
17,-42.70
17,-47.14
17,-47.14
17,-46.22
17,-42.42
18,-41.87
18,-42.14
18,-45.80
18,-45.80
18,-45.40
18,-43.62
18,-42.42
18,-42.42
18,-43.30
18,-46.22
18,-47.14
18,-45.01
18,-43.00
18,-42.70
18,-42.14
18,-46.67
18,-47.14
18,-46.67
18,-43.95
18,-42.14
18,-39.99
18,-43.30
18,-46.67
18,-45.01
18,-45.40
18,-43.62
18,-41.62
18,-39.78
18,-45.80
18,-46.22
18,-46.67
18,-43.62
18,-41.87
18,-39.99
18,-43.95
18,-46.67
18,-45.80
18,-45.40
18,-43.00
18,-42.70
18,-42.42
18,-45.40
18,-46.67
18,-45.80
18,-42.14
18,-42.42
18,-40.88
18,-43.62
18,-46.22
18,-44.29
18,-45.80
18,-42.14
18,-42.14
18,-42.42
18,-45.80
18,-46.67
18,-46.22
18,-42.42
18,-43.62
18,-42.14
18,-45.40
18,-45.80
18,-47.14
18,-43.30
18,-42.14
18,-42.14
18,-42.14
18,-47.14
18,-43.30
18,-46.67
18,-42.70
18,-42.14
18,-42.42
18,-46.22
18,-45.40
18,-47.14
18,-44.29
18,-41.36
18,-41.87
18,-42.70
18,-46.67
18,-46.67
18,-46.22
18,-42.14
18,-41.87
18,-41.36
18,-44.29
18,-45.40
18,-45.80
18,-43.62
18,-41.87
18,-41.87
18,-43.95
18,-47.64
18,-45.01
18,-45.40
18,-42.42
18,-41.87
18,-41.12
18,-43.95
18,-47.14
18,-47.14
18,-43.00
18,-41.87
18,-41.87
18,-43.62
18,-45.01
18,-46.67
18,-45.80
18,-41.12
18,-42.14
18,-42.14
18,-45.80
18,-47.14
18,-43.30
18,-43.00
18,-41.87
18,-41.36
18,-43.62
18,-47.64
18,-47.14
18,-45.40
18,-42.42
18,-41.36
18,-42.42
18,-45.01
18,-47.64
18,-46.67
18,-42.70
18,-42.42
18,-42.42
18,-45.40
18,-45.40
18,-45.80
18,-43.95
18,-41.87
18,-41.62
18,-41.87
18,-45.01
18,-47.14
18,-44.64
18,-43.62
18,-42.14
18,-41.87
18,-43.62
18,-46.67
18,-46.67
18,-43.62
18,-41.87
18,-40.65
18,-42.14
18,-42.70
18,-41.87
18,-41.87
18,-46.67
18,-45.40
18,-43.62
18,-43.00
18,-43.30
18,-41.87
18,-45.80
18,-46.67
18,-45.40
18,-43.95
18,-42.42
18,-42.70
18,-42.70
18,-45.80
18,-45.80
18,-44.64
18,-43.00
18,-42.14
18,-41.62
18,-45.80
18,-47.14
18,-45.80
18,-43.30
18,-42.14
18,-41.87
18,-42.70
18,-45.40
18,-46.22
18,-45.01
18,-42.42
18,-42.14
18,-42.14
18,-45.01
18,-45.80
18,-46.67
18,-42.70
18,-42.42
18,-42.42
18,-43.95
18,-46.22
18,-47.64
18,-45.40
18,-42.14
18,-42.14
18,-41.87
18,-45.40
18,-46.67
18,-47.14
18,-41.87
18,-41.87
18,-40.88
18,-43.95
18,-46.22
18,-46.67
18,-44.29
18,-41.87
18,-42.14
18,-41.62
18,-45.80
18,-47.14
18,-45.80
18,-43.00
18,-42.14
18,-40.88
18,-45.01
18,-46.67
18,-46.67
18,-43.95
18,-42.70
18,-42.14
18,-41.62
18,-48.16
18,-46.67
18,-46.22
18,-42.42
18,-41.62
18,-41.87
18,-43.62
18,-47.14
18,-45.40
18,-44.29
18,-41.62
18,-41.87
18,-42.14
18,-46.67
18,-46.67
18,-46.22
18,-43.30
18,-42.42
18,-41.36
18,-45.80
18,-45.40
18,-45.01
18,-44.29
18,-41.36
18,-40.65
18,-43.62
18,-46.67
18,-46.67
18,-45.40
18,-41.87
18,-42.14
18,-41.87
18,-44.29
18,-48.16
18,-47.14
18,-43.95
18,-41.36
18,-41.36
18,-42.14
18,-47.64
18,-45.80
18,-44.29
18,-42.70
18,-41.87
18,-41.36
18,-45.40
18,-47.14
18,-47.14
18,-43.62
18,-42.42
18,-42.42
18,-42.14
18,-47.14
18,-46.22
18,-43.95
18,-43.00
18,-41.62
18,-42.14
18,-45.40
18,-45.01
18,-45.40
18,-42.42
18,-41.62
18,-41.87
18,-42.70
18,-45.80
18,-47.14
18,-44.64
18,-41.62
18,-43.00
18,-41.87
18,-45.40
18,-47.14
18,-45.01
18,-42.70
18,-42.14
18,-41.62
18,-42.70
18,-45.80
18,-47.14
18,-43.00
18,-42.70
18,-41.36
18,-42.14
18,-46.67
18,-47.64
18,-45.01
18,-43.00
18,-42.14
18,-41.36
18,-45.40
18,-47.14
18,-44.64
18,-43.30
18,-41.87
18,-41.36
18,-42.14
18,-47.64
18,-46.22
18,-45.40
18,-43.30
18,-42.14
18,-40.88
18,-44.29
18,-46.22
18,-46.67
18,-43.30
18,-41.87
18,-41.87
18,-43.00
18,-47.14
18,-45.40
18,-45.01
18,-42.70
18,-41.36
18,-41.12
18,-45.80
18,-45.01
18,-47.14
18,-43.00
18,-41.62
18,-42.14
18,-43.62
18,-46.67
18,-47.64
18,-46.67
18,-42.70
18,-42.14
18,-41.62
18,-45.80
18,-48.16
18,-46.22
18,-43.00
18,-41.87
18,-42.14
18,-43.30
18,-46.22
18,-47.14
18,-45.01
18,-41.62
18,-41.62
18,-41.62
18,-43.95
18,-47.14
18,-46.67
18,-43.62
18,-41.87
18,-42.14
18,-43.30
18,-47.14
18,-49.97
18,-45.80
18,-41.62
18,-42.70
18,-42.14
18,-45.80
18,-45.40
18,-46.22
19,-43.62
19,-43.00
19,-40.88
19,-45.01
19,-45.80
19,-48.16
19,-45.01
19,-42.42
19,-41.36
19,-42.14
19,-44.29
19,-46.67
19,-46.22
19,-42.42
19,-42.14
19,-41.87
19,-43.62
19,-45.40
19,-46.22
19,-43.00
19,-42.14
19,-40.88
19,-41.87
19,-47.14
19,-47.64
19,-45.01
19,-41.87
19,-41.87
19,-40.88
19,-43.95
19,-45.80
19,-47.14
19,-42.70
19,-41.12
19,-41.36
19,-42.70
19,-47.14
19,-47.64
19,-46.22
19,-42.14
19,-41.36
19,-40.88
19,-43.95
19,-45.80
19,-45.80
19,-42.70
19,-41.62
19,-41.87
19,-42.70
19,-47.64
19,-46.67
19,-47.14
19,-43.00
19,-41.87
19,-41.62
19,-45.40
19,-48.16
19,-46.67
19,-43.62
19,-42.42
19,-41.36
19,-44.29
19,-47.14
19,-46.22
19,-43.62
19,-42.42
19,-41.36
19,-40.88
19,-45.80
19,-47.14
19,-46.67
19,-43.00
19,-42.14
19,-41.62
19,-43.62
19,-45.80
19,-47.14
19,-43.95
19,-43.30
19,-41.62
19,-42.14
19,-46.22
19,-46.22
19,-47.14
19,-42.70
19,-41.87
19,-42.14
19,-43.62
19,-47.64
19,-48.16
19,-43.95
19,-41.87
19,-41.87
19,-42.42
19,-46.67
19,-48.16
19,-46.67
19,-43.00
19,-42.14
19,-41.36
19,-45.80
19,-45.40
19,-45.80
19,-44.64
19,-42.42
19,-41.62
19,-42.14
19,-47.64
19,-47.14
19,-45.40
19,-42.14
19,-41.62
19,-41.62
19,-45.80
19,-46.22
19,-47.14
19,-45.01
19,-42.42
19,-41.62
19,-43.95
19,-46.67
19,-45.40
19,-46.67
19,-43.00
19,-41.62
19,-41.87
19,-45.01
19,-46.67
19,-48.16
19,-43.62
19,-41.36
19,-41.12
19,-42.14
19,-45.80
19,-45.40
19,-45.40
19,-41.62
19,-41.87
19,-41.12
19,-47.14
19,-41.62
19,-41.36
19,-46.22
19,-47.64
19,-45.80
19,-43.00
19,-42.70
19,-42.14
19,-43.00
19,-47.64
19,-45.80
19,-44.29
19,-41.87
19,-41.87
19,-41.87
19,-47.14
19,-47.14
19,-47.14
19,-42.42
19,-42.42
19,-41.36
19,-43.62
19,-45.40
19,-45.01
19,-44.64
19,-42.14
19,-42.14
19,-42.14
19,-45.80
19,-48.16
19,-47.14
19,-42.70
19,-42.14
19,-41.87
19,-43.95
19,-44.64
19,-45.40
19,-43.62
19,-41.87
19,-40.42
19,-41.36
19,-47.14
19,-46.22
19,-46.67
19,-43.62
19,-43.00
19,-41.62
19,-45.40
19,-46.67
19,-47.14
19,-43.95
19,-41.87
19,-42.14
19,-43.00
19,-47.64
19,-47.14
19,-45.80
19,-42.14
19,-41.87
19,-42.14
19,-45.80
19,-48.16
19,-47.14
19,-43.30
19,-42.42
19,-41.62
19,-43.00
19,-47.14
19,-47.14
19,-45.01
19,-42.42
19,-41.62
19,-40.20
19,-45.80
19,-46.22
19,-44.29
19,-43.00
19,-42.42
19,-40.88
19,-43.62
19,-45.80
19,-46.22
19,-45.01
19,-42.14
19,-42.14
19,-41.36
19,-45.40
19,-46.67
19,-45.80
19,-43.00
19,-42.42
19,-40.88
19,-43.95
19,-46.22
19,-47.14
19,-43.95
19,-42.14
19,-42.14
19,-41.62
19,-47.14
19,-46.67
19,-46.22
19,-43.62
19,-42.14
19,-41.62
19,-46.22
19,-47.64
19,-46.67
19,-43.62
19,-42.14
19,-41.36
19,-43.00
19,-46.67
19,-48.16
19,-45.80
19,-41.87
19,-41.87
19,-40.88
19,-44.64
19,-46.67
19,-45.80
19,-43.00
19,-41.36
19,-41.87
19,-42.42
19,-46.22
19,-46.67
19,-45.40
19,-42.14
19,-42.14
19,-41.62
19,-45.01
19,-48.16
19,-47.14
19,-43.62
19,-42.14
19,-42.14
19,-42.70
19,-46.67
19,-45.80
19,-44.64
19,-42.42
19,-42.42
19,-41.87
19,-45.40
19,-47.14
19,-46.22
19,-43.62
19,-42.14
19,-41.36
19,-43.95
19,-45.80
19,-46.67
19,-45.80
19,-42.70
19,-41.87
19,-41.62
19,-47.14
19,-45.80
19,-45.01
19,-45.01
19,-42.14
19,-41.62
19,-45.01
19,-46.67
19,-47.14
19,-45.40
19,-42.70
19,-41.62
19,-42.14
19,-44.64
19,-46.67
19,-45.01
19,-43.30
19,-42.14
19,-42.14
19,-43.62
19,-45.40
19,-45.40
19,-43.95
19,-42.70
19,-41.62
19,-41.87
19,-47.64
19,-46.22
19,-45.40
19,-43.00
19,-41.87
19,-41.87
19,-45.80
19,-46.67
19,-43.95
19,-43.95
19,-42.42
19,-41.62
19,-42.70
19,-45.40
19,-46.67
19,-46.67
19,-43.30
19,-41.62
19,-41.62
19,-44.29
19,-47.64
19,-47.14
19,-43.95
19,-42.42
19,-41.36
19,-42.14
19,-45.01
19,-46.67
19,-46.22
19,-42.42
19,-41.87
19,-41.87
19,-43.30
19,-45.40
19,-47.14
19,-45.01
19,-42.14
19,-41.87
19,-43.62
19,-48.16
19,-47.64
19,-46.22
19,-41.62
19,-41.62
19,-42.14
19,-44.29
19,-45.80
19,-45.80
19,-42.70
19,-42.14
19,-41.36
19,-45.80
19,-47.64
19,-47.14
19,-44.29
19,-42.14
19,-41.87
19,-41.62
19,-45.01
19,-47.64
19,-46.67
20,-43.30
20,-42.70
20,-41.12
20,-44.29
20,-47.14
20,-46.22
20,-43.62
20,-42.14
20,-41.87
20,-41.12
20,-48.16
20,-46.67
20,-46.67
20,-42.14
20,-42.70
20,-42.14
20,-44.29
20,-47.64
20,-47.64
20,-43.95
20,-42.14
20,-41.62
20,-42.42
20,-46.22
20,-47.64
20,-48.16
20,-43.00
20,-42.42
20,-42.14
20,-44.64
20,-47.64
20,-46.67
20,-43.00
20,-42.42
20,-41.87
20,-41.87
20,-47.14
20,-45.80
20,-48.16
20,-42.14
20,-42.14
20,-40.88
20,-45.80
20,-47.64
20,-47.64
20,-43.30
20,-41.62
20,-41.62
20,-43.00
20,-46.67
20,-47.14
20,-45.80
20,-42.14
20,-41.36
20,-41.62
20,-46.67
20,-47.64
20,-46.67
20,-42.42
20,-42.14
20,-41.36
20,-43.62
20,-44.29
20,-46.22
20,-47.64
20,-42.14
20,-42.14
20,-41.12
20,-45.80
20,-47.64
20,-45.80
20,-43.62
20,-43.00
20,-41.62
20,-45.40
20,-45.80
20,-46.22
20,-44.64
20,-43.62
20,-42.14
20,-42.14
20,-46.67
20,-47.14
20,-45.80
20,-43.95
20,-41.87
20,-41.62
20,-43.95
20,-47.14
20,-47.64
20,-44.64
20,-42.14
20,-42.42
20,-41.62
20,-47.14
20,-46.67
20,-47.64
20,-44.64
20,-41.36
20,-41.62
20,-43.62
20,-47.14
20,-47.14
20,-43.00
20,-41.62
20,-42.14
20,-41.87
20,-45.80
20,-47.64
20,-46.22
20,-43.30
20,-42.14
20,-41.36
20,-45.40
20,-46.67
20,-47.64
20,-42.70
20,-42.14
20,-41.87
20,-43.30
20,-46.67
20,-46.67
20,-45.80
20,-42.14
20,-41.87
20,-40.88
20,-45.40
20,-47.64
20,-46.67
20,-45.80
20,-47.14
20,-47.14
20,-43.95
20,-42.42
20,-41.36
20,-43.00
20,-46.22
20,-46.22
20,-45.40
20,-42.42
20,-42.14
20,-40.88
20,-46.22
20,-45.80
20,-46.22
20,-43.00
20,-42.14
20,-40.88
20,-43.95
20,-46.67
20,-46.67
20,-45.40
20,-42.42
20,-41.62
20,-41.62
20,-45.40
20,-46.67
20,-45.80
20,-43.62
20,-43.62
20,-41.12
20,-44.29
20,-47.14
20,-46.67
20,-43.62
20,-42.42
20,-42.14
20,-42.14
20,-45.01
20,-47.14
20,-46.67
20,-42.70
20,-41.87
20,-42.14
20,-45.40
20,-47.14
20,-48.16
20,-43.95
20,-42.14
20,-42.70
20,-43.62
20,-46.22
20,-47.14
20,-46.22
20,-42.42
20,-41.87
20,-41.87
20,-44.29
20,-48.16
20,-46.22
20,-43.95
20,-42.42
20,-41.87
20,-42.42
20,-46.67
20,-47.64
20,-45.80
20,-43.00
20,-41.36
20,-41.87
20,-45.80
20,-47.14
20,-44.64
20,-43.62
20,-42.14
20,-42.14
20,-43.00
20,-47.14
20,-44.29
20,-44.29
20,-43.62
20,-43.62
20,-42.14
20,-45.80
20,-47.14
20,-46.22
20,-42.70
20,-42.42
20,-41.87
20,-43.95
20,-46.67
20,-45.80
20,-43.95
20,-42.42
20,-41.36
20,-41.87
20,-45.40
20,-47.64
20,-45.40
20,-42.42
20,-41.62
20,-41.36
20,-44.29
20,-46.22
20,-46.67
20,-45.01
20,-42.42
20,-41.62
20,-42.42
20,-45.40
20,-47.14
20,-46.67
20,-42.14
20,-42.42
20,-42.42
20,-43.30
20,-45.40
20,-45.80
20,-45.01
20,-42.14
20,-40.65
20,-41.87
20,-47.14
20,-47.14
20,-45.40
20,-42.70
20,-42.42
20,-41.87
20,-45.01
20,-47.14
20,-47.14
20,-44.29
20,-42.14
20,-42.14
20,-41.87
20,-46.67
20,-47.14
20,-47.64
20,-43.62
20,-42.14
20,-41.36
20,-45.01
20,-46.67
20,-45.40
20,-45.40
20,-42.42
20,-41.36
20,-42.42
20,-46.67
20,-46.67
20,-45.80
20,-42.14
20,-43.00
20,-41.87
20,-45.01
20,-46.67
20,-47.64
20,-43.95
20,-42.70
20,-39.78
20,-43.00
20,-46.22
20,-47.14
20,-44.29
20,-42.14
20,-42.14
20,-41.62
20,-45.01
20,-47.14
20,-47.64
20,-44.29
20,-41.87
20,-41.87
20,-48.16
20,-47.14
20,-47.64
20,-45.80
20,-43.30
20,-41.62
20,-41.87
20,-46.22
20,-47.14
20,-45.80
20,-43.62
20,-42.14
20,-41.62
20,-43.62
20,-46.22
20,-46.67
20,-46.22
20,-42.42
20,-42.14
20,-41.62
20,-45.80
20,-46.67
20,-45.80
20,-43.00
20,-41.62
20,-41.36
20,-45.01
20,-46.67
20,-45.40
20,-45.40
20,-42.70
20,-41.62
20,-41.36
20,-45.80
20,-46.22
20,-43.00
20,-42.42
20,-42.14
20,-41.62
20,-43.62
20,-45.40
20,-48.16
20,-45.01
20,-40.88
20,-41.36
20,-41.87
20,-47.14
20,-46.22
20,-45.40
20,-42.70
20,-42.14
20,-40.88
20,-45.80
20,-46.67
20,-45.40
20,-43.62
20,-42.14
20,-41.87
20,-43.62
20,-46.67
20,-47.14
20,-43.62
20,-43.62
20,-43.30
20,-42.14
20,-45.01
20,-47.64
20,-45.40
20,-42.14
20,-40.88
20,-41.36
20,-43.30
20,-46.67
20,-46.22
20,-46.22
20,-42.42
20,-42.14
20,-42.14
20,-45.80
20,-47.64
20,-45.80
21,-43.62
21,-42.14
21,-41.87
21,-43.95
21,-48.16
21,-47.64
21,-45.40
21,-42.70
21,-41.36
21,-41.62
21,-45.01
21,-47.64
21,-45.80
21,-42.14
21,-42.14
21,-40.20
21,-45.01
21,-47.14
21,-45.80
21,-45.01
21,-42.14
21,-42.70
21,-41.87
21,-47.14
21,-47.64
21,-45.80
21,-42.14
21,-42.14
21,-42.14
21,-45.01
21,-48.16
21,-45.40
21,-45.80
21,-42.14
21,-41.36
21,-43.30
21,-46.67
21,-46.67
21,-45.40
21,-43.62
21,-42.14
21,-41.87
21,-45.01
21,-47.14
21,-46.22
21,-43.95
21,-42.42
21,-43.00
21,-42.42
21,-47.14
21,-48.16
21,-46.22
21,-43.95
21,-42.42
21,-42.14
21,-45.40
21,-47.14
21,-47.14
21,-44.29
21,-41.62
21,-41.62
21,-42.14
21,-47.14
21,-47.64
21,-42.42
21,-42.42
21,-42.14
21,-41.62
21,-45.80
21,-48.16
21,-45.40
21,-43.62
21,-41.87
21,-41.87
21,-43.62
21,-45.80
21,-48.16
21,-44.64
21,-41.87
21,-41.12
21,-41.12
21,-45.01
21,-46.67
21,-46.67
21,-42.42
21,-42.14
21,-40.88
21,-43.62
21,-46.67
21,-47.64
21,-45.80
21,-42.14
21,-41.36
21,-41.87
21,-47.14
21,-48.16
21,-46.22
21,-43.00
21,-41.87
21,-40.88
21,-44.29
21,-46.22
21,-47.64
21,-45.40
21,-41.87
21,-42.14
21,-42.14
21,-45.80
21,-47.14
21,-46.67
21,-42.70
21,-41.87
21,-41.62
21,-43.95
21,-45.80
21,-45.01
21,-44.29
21,-46.67
21,-45.80
21,-43.62
21,-42.14
21,-42.14
21,-42.42
21,-47.14
21,-45.80
21,-45.80
21,-42.14
21,-39.99
21,-41.62
21,-45.01
21,-47.64
21,-47.14
21,-43.95
21,-42.42
21,-42.14
21,-42.42
21,-47.64
21,-47.64
21,-43.00
21,-47.14
21,-48.16
21,-46.22
21,-42.14
21,-42.42
21,-41.62
21,-45.80
21,-48.16
21,-47.64
21,-42.70
21,-42.42
21,-41.36
21,-43.30
21,-45.80
21,-46.67
21,-45.80
21,-42.42
21,-41.62
21,-41.36
21,-46.22
21,-47.14
21,-46.67
21,-42.42
21,-42.14
21,-41.62
21,-45.01
21,-46.67
21,-46.67
21,-43.95
21,-42.14
21,-42.14
21,-41.87
21,-46.22
21,-47.14
21,-46.22
21,-43.00
21,-42.14
21,-40.88
21,-44.29
21,-47.14
21,-47.14
21,-43.62
21,-41.62
21,-40.88
21,-41.36
21,-44.29
21,-48.16
21,-47.14
21,-43.00
21,-42.70
21,-41.62
21,-45.40
21,-48.16
21,-46.22
21,-43.30
21,-41.87
21,-41.62
21,-42.42
21,-47.14
21,-46.67
21,-47.64
21,-43.00
21,-42.14
21,-41.87
21,-45.40
21,-46.67
21,-46.67
21,-43.95
21,-41.12
21,-41.87
21,-42.70
21,-46.22
21,-45.40
21,-45.80
21,-43.00
21,-41.87
21,-41.36
21,-46.22
21,-46.67
21,-45.80
21,-42.70
21,-42.42
21,-41.87
21,-43.62
21,-46.67
21,-46.67
21,-45.80
21,-44.29
21,-41.12
21,-41.87
21,-45.40
21,-46.67
21,-46.67
21,-42.70
21,-42.70
21,-41.62
21,-43.62
21,-46.67
21,-47.14
21,-44.29
21,-42.70
21,-41.36
21,-41.62
21,-45.01
21,-46.22
21,-45.80
21,-43.00
21,-41.62
21,-42.42
21,-43.62
21,-47.14
21,-46.67
21,-44.29
21,-42.42
21,-42.14
21,-42.14
21,-45.40
21,-46.67
21,-48.16
21,-42.42
21,-41.12
21,-41.87
21,-44.29
21,-47.14
21,-45.80
21,-46.67
21,-42.70
21,-42.70
21,-42.70
21,-45.80
21,-45.40
21,-46.67
21,-42.14
21,-41.62
21,-41.62
21,-46.67
21,-47.14
21,-45.80
21,-43.30
21,-42.14
21,-41.62
21,-42.14
21,-44.29
21,-47.14
21,-46.67
21,-42.70
21,-41.36
21,-41.36
21,-45.80
21,-47.14
21,-45.80
21,-42.70
21,-42.42
21,-41.87
21,-43.62
21,-48.16
21,-47.64
21,-44.64
21,-42.42
21,-43.00
21,-41.87
21,-45.40
21,-46.67
21,-45.80
21,-43.62
21,-42.14
21,-41.36
21,-43.00
21,-46.67
21,-46.22
21,-44.29
21,-42.70
21,-42.14
21,-41.87
21,-45.01
21,-47.14
21,-46.67
21,-43.62
21,-41.87
21,-41.36
21,-44.29
21,-47.14
21,-45.40
21,-43.95
21,-42.14
21,-42.14
21,-42.14
21,-45.40
21,-47.64
21,-45.80
21,-43.62
21,-42.14
21,-42.14
21,-45.01
21,-46.67
21,-48.16
21,-44.29
21,-42.42
21,-42.42
21,-42.70
21,-45.01
21,-47.14
21,-45.40
21,-42.42
21,-41.87
21,-42.14
21,-46.22
21,-47.64
21,-46.22
21,-43.30
21,-42.42
21,-41.12
21,-43.00
21,-45.80
21,-48.16
21,-45.80
21,-43.30
21,-41.87
21,-41.12
21,-45.01
21,-45.40
21,-45.80
21,-45.01
21,-42.42
21,-41.87
21,-41.12
21,-46.22
21,-45.80
21,-45.80
21,-43.00
21,-41.87
21,-41.62
21,-45.40
21,-47.14
21,-45.40
21,-43.95
21,-42.42
21,-41.62
21,-42.70
21,-45.01
21,-47.64
22,-44.29
22,-41.62
22,-42.14
22,-42.42
22,-45.01
22,-45.40
22,-45.80
22,-43.95
22,-41.87
22,-41.62
22,-43.62
22,-47.64
22,-45.80
22,-45.01
22,-42.14
22,-42.14
22,-41.36
22,-45.01
22,-47.14
22,-46.22
22,-42.42
22,-41.87
22,-41.62
22,-44.29
22,-45.80
22,-46.67
22,-44.29
22,-41.87
22,-41.36
22,-41.87
22,-45.80
22,-47.64
22,-46.67
22,-42.70
22,-41.87
22,-42.14
22,-45.01
22,-46.22
22,-46.67
22,-45.01
22,-42.14
22,-41.62
22,-42.70
22,-45.80
22,-46.22
22,-47.14
22,-43.95
22,-42.14
22,-39.58
22,-43.62
22,-47.64
22,-47.64
22,-43.30
22,-42.14
22,-41.87
22,-42.14
22,-45.80
22,-47.64
22,-45.80
22,-43.62
22,-42.14
22,-40.88
22,-44.64
22,-46.67
22,-45.80
22,-45.01
22,-42.70
22,-42.42
22,-43.00
22,-46.67
22,-45.40
22,-45.40
22,-42.14
22,-42.14
22,-41.62
22,-45.01
22,-46.22
22,-45.40
22,-43.95
22,-43.00
22,-41.62
22,-43.00
22,-47.14
22,-45.80
22,-45.01
22,-42.70
22,-42.14
22,-41.36
22,-46.67
22,-47.14
22,-45.40
22,-43.00
22,-42.14
22,-41.62
22,-42.42
22,-45.40
22,-45.80
22,-43.62
22,-42.14
22,-41.87
22,-41.62
22,-46.22
22,-46.67
22,-45.80
22,-43.62
22,-41.87
22,-41.87
22,-44.29
22,-47.64
22,-41.12
22,-45.01
22,-47.64
22,-46.67
22,-43.95
22,-41.87
22,-47.64
22,-42.14
22,-45.40
22,-47.14
22,-45.80
22,-42.42
22,-42.14
22,-41.87
22,-45.80
22,-45.80
22,-47.14
22,-43.30
22,-40.65
22,-41.87
22,-41.87
22,-47.14
22,-45.80
22,-45.40
22,-42.70
22,-41.62
22,-41.36
22,-45.01
22,-46.67
22,-47.64
22,-42.14
22,-42.14
22,-41.36
22,-42.70
22,-47.64
22,-46.67
22,-42.14
22,-43.00
22,-41.62
22,-41.36
22,-45.80
22,-46.67
22,-46.67
22,-43.62
22,-42.70
22,-42.14
22,-42.42
22,-48.16
22,-47.64
22,-45.01
22,-43.00
22,-41.87
22,-41.62
22,-45.01
22,-45.80
22,-45.40
22,-43.30
22,-42.14
